date,Isis,terrorism,Syria,Turkey,Iraq,Qatar,Iran,persian gulf,opec,blending,brent,crack spread,crude oil,liquefied natural gas,liquefied petroleum gas,nymex,petroleum,refined products,refinery,residual fuel oil,wti,oil barrel,petroleum industry,crude inventories,lease condensate,hydrocarbons,pentanes,pipeline,GDP,recession,energy,economic growth,commodity,price of gold,price of oil,price of crude,oil volatility,oil producers,oil exporter,oil sands,peak oil,Canada,Japan,Middle East,South America,Norway,Alberta,China,Australia,Russia,Arctic,oil rich,CAD/USD,CAD/JPY,oil market,cost per gallon,refining capacity,fuel efficiency,CPI,oil crisis,inflation,Gulf War,store oil,oil transportation,natural gas,the interest rates,world crude,supply,interest rates,endogenous variables,federal funds rate,real oil price,share of oil,marginal production cost,income elasticity,the oil supply,volatility,demand and supply,production levels,barrels per day,oil markets,world economic growth,impulse response function,var model,crude oil futures,oil prices,spr releases,Government Policy,crude oil prices,oil shock,us oil,american economic review,exchange and interest,the oil,demand shock,US,exchange rates,monetary policy,bureau of economic,global production,market uncertainty,market volatility,spot price,energy information administration,spr release,saudi arabia,private stocks,crude oil supply,wti futures price,funds rate,the middle east,demand,federal funds,impulse responses,wti futures,supply shock,price elasticity,crude oil price,crude price,oil consumption,elasticity of demand,Energy Prices,scarcity rent,oil supply,oil production,oil price,that monetary policy,natural gas production,marginal revenue,multipliers,the regression,strategic petroleum,gasoline demand,oil demand,the interest rate,impulse response,oil futures,interest rate,barrels of oil,real gdp,oil price change,run demand,chinese oil consumption,strategic petroleum reserve,Oil Shocks,us real,futures price
2004-01-01,6,66,8,23,22,14,59,59,44,88,91,0,30,29,29,24,98,69,65,0,9,6,94,0,0,77,100,66,88,9,91,77,84,18,8,7,0,73,31,20,18,100,29,63,100,47,98,83,95,62,47,47,46,0,32,11,15,34,68,35,88,68,30,62,76,24,65,97,70,0,44,25,16,0,35,48,74,61,0,0,49,80,100,71,7,11,0,69,14,18,44,100,25,27,0,79,100,63,71,37,0,60,45,58,0,55,30,0,0,34,81,60,60,60,0,21,32,4,7,41,22,40,0,47,65,8,0,72,17,100,36,30,0,20,15,50,19,72,31,37,20,13,0,43,42,85,31
2004-02-01,6,69,7,22,21,13,52,62,59,100,87,42,30,39,44,22,98,0,68,42,10,7,100,0,100,92,0,66,100,8,95,91,94,11,9,11,0,71,36,23,57,95,30,67,97,43,93,89,94,65,46,28,46,0,41,38,43,34,71,52,88,71,39,84,79,69,88,96,83,0,64,12,46,16,47,32,93,93,68,14,16,79,65,17,27,10,0,95,15,17,42,41,62,30,16,78,92,67,78,60,20,92,38,46,0,56,73,22,93,57,88,64,100,60,0,82,56,6,8,37,47,34,100,63,84,10,13,100,20,75,40,14,100,52,28,79,15,78,12,60,15,27,0,16,27,80,26
2004-03-01,6,100,9,24,24,13,45,64,71,98,86,51,33,59,36,25,98,64,76,0,12,8,88,0,0,89,0,63,96,10,93,83,90,15,8,11,75,73,25,32,49,96,30,70,84,41,90,89,93,65,40,35,56,0,42,37,36,47,71,56,98,72,26,83,69,65,20,96,79,0,17,31,38,79,42,79,100,86,51,35,10,37,0,0,25,12,0,78,10,54,41,84,76,31,100,75,84,84,78,89,100,42,31,63,0,61,73,27,0,25,92,67,36,74,0,76,57,9,10,46,28,29,0,57,95,10,17,37,16,85,37,58,16,35,25,86,20,78,0,69,30,55,0,45,51,79,14
2004-04-01,6,96,9,27,49,14,45,74,81,77,84,48,30,55,69,24,95,66,68,40,13,8,79,0,0,88,0,61,99,10,92,100,92,15,11,13,0,67,29,24,37,93,30,73,88,41,87,89,87,64,33,40,0,0,47,21,28,55,76,53,98,86,50,99,74,53,93,96,100,42,55,12,0,46,39,31,88,90,66,0,54,86,32,17,0,13,0,96,15,42,58,80,36,29,0,79,84,87,75,62,29,40,45,60,99,62,56,0,0,43,81,62,85,100,25,0,60,8,6,64,45,55,0,51,87,9,0,58,45,75,56,19,12,19,38,100,25,93,35,60,14,38,0,30,67,69,27
2004-05-01,5,89,9,27,100,13,49,100,100,84,89,21,47,87,72,37,97,72,65,0,22,22,58,31,0,91,0,61,92,8,90,95,83,16,18,25,34,71,30,29,51,91,30,76,92,44,89,88,95,64,31,55,37,0,46,43,54,70,78,100,95,100,38,100,75,71,100,93,92,37,53,31,26,40,45,26,86,76,11,47,40,58,27,29,100,26,0,100,36,65,74,75,51,30,27,77,84,100,100,93,34,84,38,71,0,66,97,36,0,55,91,61,87,25,0,34,47,18,17,75,39,56,0,76,87,19,11,92,28,74,38,88,31,73,29,95,49,84,46,68,4,18,0,96,46,75,30
2004-06-01,5,63,6,25,31,14,47,51,76,85,85,83,36,47,36,38,94,100,65,69,18,16,68,31,0,86,0,62,80,7,83,65,88,12,14,21,34,79,21,24,40,95,28,58,68,42,97,82,91,57,27,35,0,0,41,37,24,53,75,32,79,55,48,49,69,56,27,97,84,73,58,21,0,13,22,52,94,42,68,12,47,41,27,14,72,17,0,64,21,50,38,62,31,24,13,80,84,66,64,46,34,63,33,72,0,85,61,54,0,50,66,57,92,0,22,17,53,11,12,69,21,34,0,48,75,16,0,25,19,80,41,20,10,33,21,69,37,87,55,34,20,18,0,13,34,85,21
2004-07-01,6,56,7,26,26,13,44,37,30,89,87,36,27,49,100,27,92,30,66,0,14,8,74,0,0,63,0,54,73,5,79,59,76,11,10,19,35,64,26,24,34,93,27,50,65,45,96,78,89,51,25,36,0,0,45,32,31,46,73,24,66,42,33,63,63,59,70,96,73,0,35,11,27,0,24,69,81,38,48,25,63,78,29,31,23,15,0,66,15,30,28,59,65,23,0,77,83,75,46,56,35,58,32,45,0,56,38,38,0,44,54,57,46,13,0,36,42,12,11,43,32,42,87,46,75,11,23,0,9,44,34,9,22,35,22,86,27,76,11,36,21,19,0,5,0,74,20
2004-08-01,5,60,7,26,26,14,47,36,47,88,96,47,53,84,58,55,100,42,69,100,21,21,64,30,0,77,0,57,80,6,82,69,88,11,20,25,66,100,29,31,46,92,28,50,70,45,91,85,100,56,29,30,0,0,55,36,23,37,70,41,72,39,46,90,73,40,45,100,71,35,51,70,0,13,16,26,86,58,11,34,84,72,26,14,97,32,0,64,39,56,55,58,10,27,0,83,80,65,68,61,81,68,37,55,0,50,70,18,75,37,46,60,69,48,0,33,43,23,27,76,29,56,40,53,83,25,11,57,37,46,33,39,10,68,24,60,75,80,15,64,28,36,0,38,100,80,32
2004-09-01,6,89,7,25,39,14,46,55,60,79,90,31,45,78,53,38,97,64,60,31,19,17,64,55,0,100,0,59,84,8,86,85,80,10,18,21,91,75,67,32,55,89,28,62,92,38,86,87,89,80,34,48,33,0,54,30,27,41,76,47,81,53,39,78,73,54,59,92,68,65,57,46,23,12,35,35,82,89,30,0,24,51,72,65,54,23,0,72,19,45,56,53,37,27,0,86,72,76,64,56,15,74,36,88,0,58,54,32,0,48,71,63,67,54,19,15,55,16,18,70,40,53,0,51,75,21,0,74,17,63,47,42,9,59,23,77,39,72,31,51,7,23,0,35,51,69,29
2004-10-01,6,86,7,30,37,15,48,46,59,93,97,38,55,65,44,55,95,52,59,0,23,18,67,56,0,78,0,54,92,10,91,97,84,12,25,29,46,70,100,41,64,86,29,62,87,39,85,85,90,58,39,57,0,0,45,31,11,43,72,70,87,71,44,93,81,70,73,89,68,100,64,52,23,12,41,96,86,85,42,43,61,67,49,66,76,36,0,70,47,65,65,94,9,32,24,78,71,89,83,100,15,51,40,100,0,55,55,66,71,46,77,65,87,91,60,62,79,25,24,64,54,59,38,70,78,28,10,53,43,86,42,36,47,73,28,67,62,74,37,57,18,34,0,28,73,73,36
2004-11-01,6,80,7,82,34,13,47,76,56,77,90,83,45,65,77,45,82,26,52,0,18,18,66,42,0,78,0,54,91,8,90,90,91,17,21,23,63,65,39,31,55,87,27,64,86,39,92,89,84,59,44,61,34,0,57,28,33,47,67,58,88,64,40,83,78,57,37,83,64,0,67,23,24,37,47,61,82,92,10,53,31,60,50,53,56,25,0,87,27,99,66,63,47,30,12,87,78,89,56,70,46,58,44,47,0,52,22,100,0,50,72,64,88,67,20,63,55,18,19,54,47,41,0,53,79,22,10,100,51,71,40,21,10,55,27,64,39,77,46,43,15,47,0,32,53,80,24
2004-12-01,5,60,7,38,26,15,46,65,58,89,95,64,38,53,60,30,83,36,52,29,10,12,43,26,0,67,0,55,81,6,79,65,81,17,14,19,71,58,14,31,47,85,25,54,78,37,72,84,72,56,42,59,0,0,52,29,15,44,63,26,81,46,46,84,71,51,45,88,62,0,52,22,22,34,33,22,72,57,67,10,51,55,0,12,37,20,0,64,31,67,50,50,69,25,11,81,74,81,62,56,14,59,37,56,0,51,31,31,0,39,66,60,67,42,0,72,43,15,15,52,21,40,0,40,56,17,19,56,28,74,29,11,9,51,20,62,29,66,21,53,21,34,0,11,87,85,24
2005-01-01,6,51,6,24,26,16,50,55,48,79,90,67,33,41,72,26,82,32,58,38,14,7,63,0,0,81,62,51,87,5,85,69,97,14,14,18,25,67,19,36,40,90,26,56,88,42,94,84,81,54,49,46,28,0,41,23,27,43,68,28,85,47,34,74,71,41,29,86,66,27,51,15,19,20,29,39,73,65,92,18,34,79,100,64,20,16,0,62,17,37,34,55,30,26,20,74,77,58,49,69,19,36,25,67,0,47,63,40,0,51,68,61,59,37,16,63,46,8,11,59,32,34,31,32,48,14,8,80,28,48,23,8,8,39,23,57,16,70,26,40,6,24,0,10,51,89,20
2005-02-01,6,59,10,24,24,16,57,56,47,89,88,71,35,100,19,29,90,68,57,82,14,10,70,49,0,89,0,54,90,7,93,77,94,12,14,11,40,62,17,35,48,87,27,63,88,40,90,82,79,57,44,49,0,0,41,24,19,41,70,28,86,52,35,82,73,46,21,90,70,29,49,16,41,21,18,31,78,78,45,0,53,72,22,0,48,17,0,83,21,46,40,50,73,29,0,74,72,77,89,71,40,33,29,26,0,55,67,0,0,53,82,65,90,58,0,27,54,11,10,45,45,47,0,39,70,14,0,66,39,49,39,14,17,50,29,75,25,79,20,66,16,17,0,14,45,83,19
2005-03-01,5,61,11,27,19,17,47,54,63,81,88,59,51,47,47,35,88,47,85,22,14,17,56,20,0,82,54,54,88,7,88,88,96,12,20,25,44,69,25,44,72,87,27,59,85,37,90,88,79,56,41,69,0,0,51,38,31,48,69,42,87,48,32,93,69,49,61,86,78,48,47,34,25,26,37,34,79,71,45,31,44,80,18,85,65,27,0,75,41,42,57,41,60,32,9,74,67,71,57,67,33,64,35,62,0,54,63,12,0,54,71,66,82,49,14,56,47,19,20,64,29,48,27,52,78,21,15,54,40,65,39,14,27,72,20,67,43,80,56,78,16,38,0,14,52,81,33
2005-04-01,6,63,7,28,19,16,44,61,67,81,88,41,54,58,44,39,87,63,67,25,15,21,52,68,0,94,0,53,93,8,90,92,89,11,25,24,100,72,13,38,81,85,28,57,85,40,86,92,76,57,34,37,0,0,56,62,40,61,73,70,93,56,35,100,74,53,39,87,75,0,62,34,10,0,38,78,85,76,93,26,65,73,20,86,70,30,0,79,37,64,55,63,46,34,0,75,67,86,60,84,25,83,28,78,0,55,36,67,0,62,76,66,78,37,0,38,58,19,21,81,48,66,0,70,77,24,0,74,29,57,42,23,54,99,31,97,56,75,71,76,12,25,0,39,17,91,29
2005-05-01,5,56,8,29,20,16,46,84,49,92,88,26,42,40,69,38,83,74,60,0,17,13,53,30,52,89,0,53,82,8,87,84,77,10,17,24,43,55,27,34,69,83,27,56,85,42,88,88,82,58,33,32,24,0,44,36,31,50,76,54,80,67,31,59,69,65,56,87,71,24,50,13,33,26,25,68,83,65,81,31,39,63,70,37,53,22,0,79,31,65,44,44,26,30,17,71,67,77,53,62,22,81,27,43,55,52,23,35,0,56,72,61,56,24,14,99,40,17,18,69,26,33,0,51,82,18,14,64,28,59,36,17,20,67,31,71,25,79,29,48,13,31,0,8,37,100,25
2005-06-01,5,40,7,27,17,16,50,46,44,82,91,67,44,77,39,44,82,65,61,22,20,19,44,80,53,71,54,53,71,6,83,63,76,10,19,27,88,49,14,48,76,85,25,46,68,41,100,82,76,47,30,43,0,0,42,42,46,41,85,46,67,39,34,60,66,43,43,85,65,0,29,23,41,17,25,25,69,42,22,15,43,26,17,65,68,22,0,47,29,37,42,24,20,24,9,75,72,55,35,51,22,27,29,34,0,44,16,23,0,30,49,54,64,24,14,66,30,17,19,48,19,36,0,47,60,21,0,37,21,43,34,19,54,58,26,61,44,77,45,34,21,19,0,19,0,93,22
2005-07-01,5,70,7,27,16,16,43,24,29,69,100,18,41,31,16,37,81,56,62,23,15,17,29,61,0,56,54,48,68,5,79,52,77,11,19,27,44,70,14,54,69,84,25,44,60,38,88,82,77,44,29,58,24,0,47,30,27,49,84,17,58,28,35,53,61,44,56,88,65,0,42,34,42,17,11,34,73,26,52,16,31,21,53,47,51,25,0,45,33,33,44,41,60,23,9,73,73,39,48,50,22,59,27,41,0,44,24,12,51,44,42,54,61,24,28,11,24,18,22,37,20,57,0,35,65,22,0,54,18,64,33,9,20,48,23,59,41,72,30,24,26,22,80,8,0,89,27
2005-08-01,5,50,6,26,19,17,44,32,43,89,100,57,70,46,69,78,94,27,81,33,21,37,57,39,0,64,0,56,62,6,88,58,80,14,44,45,22,92,27,66,100,83,25,48,63,37,91,83,86,46,31,32,24,0,70,69,69,78,100,50,61,31,50,78,74,34,47,91,70,0,41,59,49,8,32,50,73,45,44,53,77,63,17,28,96,54,0,54,62,46,71,40,26,30,0,77,69,58,46,59,32,44,34,85,0,53,54,69,0,45,46,59,58,63,0,22,33,33,36,80,17,71,26,71,88,42,7,80,18,35,28,100,47,83,26,52,86,75,100,38,13,33,0,100,44,86,27
2005-09-01,5,55,6,25,18,17,40,43,59,80,94,100,66,73,83,78,94,100,100,20,16,32,62,18,0,71,0,58,75,8,94,71,91,14,34,49,59,85,39,62,94,78,25,51,84,36,88,84,78,49,38,47,22,68,61,52,100,81,84,77,76,34,33,68,99,47,96,85,64,0,45,33,30,8,33,69,74,73,40,68,58,81,47,51,51,52,0,61,60,100,90,47,48,34,0,85,63,58,63,60,24,40,44,76,49,48,14,42,0,34,65,62,68,35,0,40,60,31,32,83,39,100,0,100,100,37,6,92,26,54,37,66,97,73,25,69,77,72,32,65,16,25,0,93,33,81,36
2005-10-01,5,62,9,31,19,17,45,34,41,84,94,64,48,64,26,56,85,54,64,56,17,17,44,100,44,76,0,50,81,8,97,81,85,14,26,31,55,66,21,48,65,78,24,55,83,36,83,84,78,51,55,53,0,95,48,50,42,60,84,49,85,37,36,84,100,49,36,85,64,20,44,25,0,7,55,78,77,82,61,26,47,35,44,71,60,34,0,63,39,66,44,51,44,33,0,73,58,72,54,74,23,45,37,72,0,46,66,78,0,45,67,65,63,33,0,55,62,22,20,57,40,97,0,72,80,25,12,95,31,51,39,13,73,79,28,89,40,72,33,67,18,38,66,7,37,70,30
2005-11-01,5,63,8,83,21,18,43,46,46,87,92,45,44,39,32,44,85,70,58,56,15,14,49,33,0,81,44,50,80,8,95,74,81,16,23,29,73,54,9,46,55,79,24,54,76,34,82,86,75,55,59,53,0,64,42,54,16,44,76,45,83,49,33,88,82,58,51,82,59,0,71,28,28,22,40,100,72,69,37,57,36,80,44,47,42,28,0,73,36,55,48,39,45,31,22,78,57,74,58,65,50,30,37,69,0,51,39,59,0,57,64,62,77,7,0,74,74,21,21,50,41,71,22,46,69,21,6,72,37,44,33,19,51,80,28,71,31,74,38,46,26,36,0,24,25,73,24
2005-12-01,5,46,7,36,20,16,46,38,39,92,92,29,32,72,38,48,74,69,58,37,13,10,41,49,0,63,0,55,80,7,80,61,73,24,18,27,18,55,27,38,59,76,23,48,67,36,70,76,66,53,58,39,100,0,46,39,32,43,62,32,73,35,43,43,77,36,25,80,51,19,63,22,34,7,54,35,58,59,67,25,32,52,14,31,30,20,0,55,25,46,38,55,27,27,7,79,51,62,47,51,18,41,46,50,0,44,45,19,0,58,56,60,77,26,23,27,45,14,14,46,30,50,0,37,65,15,18,53,41,52,27,8,39,46,26,48,31,64,38,45,17,25,65,9,43,69,27
2006-01-01,5,41,7,23,16,19,55,37,39,83,90,58,39,63,56,52,81,40,58,56,13,13,43,50,77,70,39,52,77,7,90,59,79,20,17,26,32,73,30,100,70,87,23,52,78,37,92,78,75,55,96,33,18,55,44,38,25,35,69,37,74,36,33,49,82,43,44,81,64,51,42,10,12,19,11,43,68,58,32,44,25,58,51,48,41,24,0,59,32,20,43,26,34,27,0,73,56,42,42,57,24,29,52,38,0,47,51,17,0,48,61,58,66,29,10,40,34,14,17,45,19,60,0,54,61,19,0,82,14,44,26,9,15,41,19,67,34,70,24,50,4,12,0,6,21,78,28
2006-02-01,5,47,7,21,16,18,62,40,41,91,89,40,42,61,17,60,84,28,63,17,17,15,43,89,0,73,0,54,84,6,97,77,90,19,19,22,32,70,25,84,71,81,23,58,76,40,87,78,71,58,100,58,27,0,41,54,23,44,70,43,74,35,40,73,81,35,29,81,63,36,38,20,25,19,38,45,67,71,39,17,52,100,66,43,43,26,0,61,35,46,61,38,50,30,20,71,52,54,46,54,16,48,52,89,0,48,23,62,0,44,66,62,59,6,11,25,59,16,17,64,42,82,20,48,68,20,5,98,34,49,41,6,15,46,20,56,41,71,34,47,14,37,0,6,33,70,22
2006-03-01,5,48,6,23,17,18,53,43,45,84,88,40,39,58,64,45,84,53,61,21,15,12,53,44,0,69,0,50,79,7,93,73,81,16,16,19,42,64,24,72,69,77,23,51,69,34,90,80,73,52,75,48,15,48,46,52,30,42,74,48,77,39,30,74,73,49,28,80,63,76,49,19,11,50,40,49,72,62,47,53,33,44,34,18,37,21,0,69,24,27,38,30,34,30,11,70,54,63,55,54,14,55,48,51,0,47,35,15,0,48,62,66,69,30,18,35,50,16,16,50,39,63,17,54,65,19,9,48,34,64,35,7,52,54,25,63,33,75,48,63,15,29,0,5,28,71,25
2006-04-01,5,46,6,26,16,20,73,50,48,80,90,49,50,46,59,60,91,38,63,46,16,32,50,41,0,61,37,49,77,7,91,69,90,24,36,34,45,87,26,90,83,76,23,52,69,33,84,82,69,52,64,61,33,52,51,69,32,64,75,67,78,42,36,72,67,46,38,79,68,49,68,39,23,12,35,53,65,60,56,63,56,73,72,39,69,36,0,55,45,57,69,43,82,31,18,70,52,82,44,69,15,43,75,78,0,46,38,16,0,47,63,61,57,16,0,30,52,25,25,54,27,74,73,67,75,29,25,52,38,46,50,43,56,70,28,60,54,78,56,67,14,33,54,39,41,77,26
2006-05-01,5,46,6,25,15,18,64,65,50,82,91,50,49,42,34,58,88,52,64,21,15,22,46,50,0,75,0,50,71,6,89,66,100,32,26,34,48,80,27,70,70,74,23,51,72,36,87,81,72,53,56,58,61,94,53,84,41,67,78,72,77,57,33,87,73,62,41,81,72,45,48,29,26,27,37,49,74,59,70,29,55,94,0,24,73,32,0,59,36,50,68,44,42,31,16,68,59,60,41,56,21,43,78,54,35,50,30,22,0,57,63,58,62,25,9,56,45,20,21,63,25,67,34,45,69,26,18,75,41,36,32,5,34,75,28,71,50,79,48,61,38,21,100,9,56,77,33
2006-06-01,4,36,6,23,15,17,62,36,33,75,87,68,35,41,31,44,76,31,55,30,14,13,37,60,0,56,35,48,58,6,81,49,85,23,18,16,29,49,16,65,56,74,24,41,60,36,93,71,74,43,47,38,24,50,41,46,31,47,74,29,66,29,43,68,65,35,34,81,68,32,45,9,17,11,24,23,68,45,34,30,38,60,47,44,31,23,0,38,26,34,39,38,13,23,0,73,59,44,29,47,22,45,50,49,0,58,21,8,34,54,41,54,64,26,19,37,32,11,13,41,23,48,18,44,53,17,0,54,19,36,27,3,36,50,22,51,37,80,33,28,9,25,53,2,25,82,26
2006-07-01,5,32,12,25,11,18,45,22,22,83,88,35,40,34,46,53,71,24,54,15,12,19,44,53,0,43,35,46,56,5,80,44,70,22,21,28,58,55,13,58,68,75,22,100,51,34,89,68,70,42,41,53,24,100,37,44,38,50,70,23,53,19,39,65,64,38,46,82,67,16,36,24,16,0,24,34,66,40,10,5,26,21,0,37,66,28,0,35,42,15,33,23,13,22,23,68,52,38,35,43,14,60,49,46,0,40,15,23,0,44,100,53,50,36,0,22,24,16,18,37,22,60,18,44,53,22,14,54,8,35,20,10,13,41,18,47,44,74,17,32,21,19,0,7,20,68,25
2006-08-01,5,42,8,25,11,19,53,23,24,77,90,41,39,47,43,51,75,40,56,14,17,16,38,43,0,44,0,57,54,7,82,45,75,18,21,20,27,59,20,52,68,73,22,65,54,33,88,71,70,40,44,63,29,46,39,48,17,48,76,25,59,20,38,49,65,42,32,86,75,29,44,8,15,16,16,57,64,45,45,14,32,45,43,29,37,29,0,38,28,28,47,28,61,23,0,76,54,45,34,49,10,47,39,57,0,42,57,14,0,43,73,55,46,25,0,47,31,17,18,46,21,60,0,47,63,23,9,56,11,44,25,16,8,50,21,50,40,81,22,29,13,10,0,15,18,79,19
2006-09-01,5,49,6,22,13,19,47,34,38,75,91,60,48,36,18,55,72,38,52,26,17,18,38,52,31,61,62,46,61,8,84,56,75,16,27,30,38,53,22,46,52,69,21,51,68,29,81,73,72,41,44,44,28,44,43,43,29,40,71,28,61,27,32,52,69,44,38,77,59,14,38,15,5,15,36,25,57,71,48,40,30,34,31,22,63,38,0,49,51,19,55,25,31,26,0,78,47,31,48,52,25,37,46,21,0,40,18,41,0,38,65,59,41,32,8,26,50,22,24,46,34,69,16,43,55,26,8,35,17,38,28,11,36,57,21,70,50,66,38,41,20,11,93,7,4,64,31
2006-10-01,5,43,6,27,16,17,39,40,55,75,89,43,43,71,25,53,70,39,55,36,16,15,34,32,0,56,0,44,68,8,89,59,76,16,23,24,29,47,17,44,42,68,21,46,65,29,76,72,66,43,42,47,13,80,42,42,14,38,72,27,65,25,33,48,69,37,29,76,59,37,38,25,26,14,52,45,63,69,54,16,48,45,18,10,30,32,0,54,36,42,32,31,21,24,18,69,45,46,41,59,14,33,47,46,29,37,37,49,0,41,57,60,53,25,15,46,62,17,20,42,45,62,28,37,52,22,4,31,32,42,35,12,25,47,20,69,36,66,28,62,15,19,83,15,31,65,24
2006-11-01,5,42,6,75,18,18,41,40,41,73,81,21,36,55,52,100,68,38,49,17,14,10,40,62,27,60,0,43,70,8,87,65,73,16,16,16,0,48,14,41,39,70,22,46,61,31,77,72,65,46,42,28,37,39,38,51,30,32,66,29,72,30,31,46,62,41,38,75,59,74,33,16,9,13,28,62,65,69,42,8,36,47,55,39,37,22,0,55,29,31,36,25,24,25,18,76,47,61,52,60,14,23,43,38,29,40,45,37,0,33,56,59,57,21,7,46,56,13,13,36,25,46,0,44,53,17,19,42,34,38,30,5,10,48,22,61,27,65,36,47,11,25,41,6,15,70,23
2006-12-01,5,33,6,34,18,20,43,37,38,75,82,50,25,52,37,39,57,50,46,24,9,8,24,32,57,50,0,41,60,6,76,45,62,18,11,13,24,43,12,30,39,68,20,42,54,29,65,66,57,43,44,53,13,81,28,37,19,34,56,19,62,24,40,44,55,33,16,73,50,13,31,12,22,0,10,27,54,46,40,16,35,28,9,50,13,16,0,36,20,35,32,22,25,20,19,75,45,52,32,51,9,19,36,28,30,40,34,25,0,27,47,54,43,13,0,47,41,9,10,31,23,34,14,30,46,12,4,23,29,33,27,4,14,24,16,41,15,54,16,36,20,20,42,6,4,65,16
2007-01-01,5,31,6,21,19,21,44,43,38,72,83,27,43,47,29,55,65,47,54,26,15,14,36,46,0,62,0,46,68,5,86,50,73,16,21,24,51,51,21,43,32,73,21,46,64,31,81,68,69,42,47,62,11,35,39,45,11,33,65,20,71,25,36,49,63,37,55,74,66,0,23,11,27,4,36,52,53,45,35,21,30,42,16,44,45,26,0,43,42,46,34,26,28,24,0,68,51,46,35,45,13,27,42,37,0,39,29,5,0,31,56,59,40,15,0,10,30,20,22,43,19,47,25,39,48,22,3,38,22,31,23,18,19,44,22,29,33,72,21,49,20,20,37,21,17,72,21
2007-02-01,4,33,6,20,16,21,50,36,32,71,79,24,33,85,23,36,66,27,56,16,12,10,37,34,0,56,78,43,67,9,90,53,70,17,15,15,21,45,11,39,27,71,21,45,59,31,78,67,63,42,48,33,24,0,36,33,6,34,64,21,72,23,32,48,59,40,32,76,62,12,34,13,21,13,34,42,63,54,51,11,28,31,61,42,39,20,0,43,25,37,38,35,39,25,4,65,45,45,39,50,11,36,42,30,0,40,23,0,0,34,51,61,44,16,7,38,51,14,14,45,33,55,13,35,50,14,0,48,30,29,28,12,27,33,25,51,22,69,31,54,10,29,39,7,26,76,20
2007-03-01,5,33,6,22,14,22,50,43,33,66,77,38,29,52,26,34,62,35,53,28,12,10,29,21,0,58,46,42,68,9,88,58,66,13,14,15,37,39,9,39,30,71,21,44,59,29,76,70,64,42,52,36,21,48,32,50,8,38,69,25,70,26,33,48,55,48,22,75,61,0,63,16,18,15,35,55,67,56,48,33,34,44,23,28,25,19,0,45,26,54,30,25,37,22,4,66,46,56,30,49,16,53,39,43,0,39,44,40,0,42,52,66,71,17,6,48,40,12,11,35,30,40,17,44,44,16,9,44,29,40,34,4,9,33,28,45,22,70,20,54,11,24,34,5,29,73,21
2007-04-01,4,36,7,25,15,21,50,38,33,74,79,54,29,66,24,35,65,41,54,40,13,12,29,18,0,52,24,42,68,8,88,58,65,14,13,16,44,40,13,36,34,70,21,41,55,30,77,70,62,43,63,43,22,34,30,43,21,46,73,28,72,28,32,45,55,51,42,76,66,32,41,10,30,19,28,38,62,54,39,31,25,62,23,42,24,19,0,49,28,73,39,25,38,25,8,68,49,66,37,47,15,52,40,48,0,40,42,5,22,33,46,63,47,36,6,49,49,11,11,39,28,39,36,42,55,15,13,48,30,35,30,3,33,29,24,41,19,73,32,50,16,36,35,0,40,80,21
2007-05-01,5,36,6,23,16,22,42,47,37,66,76,75,29,47,21,40,67,25,62,21,12,12,35,19,20,54,41,41,64,7,88,54,68,14,15,18,42,46,20,36,34,66,22,43,59,32,74,72,64,46,55,38,33,43,31,61,40,58,71,35,69,38,34,58,59,41,32,76,56,37,33,10,22,3,31,36,62,51,43,47,22,39,27,29,33,19,0,50,29,36,34,27,26,25,13,66,47,59,41,61,15,35,32,47,0,42,48,32,0,31,53,61,38,31,22,30,42,11,11,35,29,49,15,41,48,14,6,38,21,46,26,6,34,38,27,42,20,68,27,42,19,15,0,2,23,76,18
2007-06-01,4,27,6,23,11,22,38,35,25,71,78,54,24,55,43,34,62,26,54,22,12,8,33,20,0,48,43,41,54,5,83,41,64,13,10,12,31,38,19,35,35,66,21,39,47,31,77,67,60,38,50,32,24,0,30,44,20,48,84,19,59,22,40,47,54,46,14,74,66,57,27,5,17,17,20,20,62,36,38,6,26,36,28,60,29,13,0,38,15,48,27,28,35,20,7,71,46,40,30,49,13,49,31,31,0,37,31,5,0,27,38,56,45,29,6,22,27,6,7,27,17,35,11,37,42,10,6,32,16,23,30,5,11,26,26,43,19,69,18,33,17,17,0,2,33,73,18
2007-07-01,5,28,7,25,12,23,39,20,21,71,85,68,26,70,24,34,64,36,60,48,13,8,25,16,21,42,21,41,55,5,80,40,63,13,10,14,17,38,15,42,39,68,22,36,47,32,73,67,62,38,52,47,19,29,36,30,30,40,77,18,54,14,40,49,53,44,34,79,64,9,26,12,49,14,24,30,63,34,32,21,34,46,21,52,16,14,0,38,18,44,28,26,21,21,0,68,51,39,26,49,11,32,33,35,0,42,31,37,0,28,33,57,36,13,11,39,26,10,10,31,21,36,21,35,44,13,11,43,20,27,18,4,13,31,21,35,18,69,22,31,14,14,0,2,15,76,18
2007-08-01,5,25,6,23,11,22,36,22,19,64,82,52,23,54,41,37,64,42,57,17,13,8,28,26,20,38,0,41,51,10,79,46,64,14,11,11,25,29,11,37,33,65,21,37,53,30,74,71,63,39,45,45,41,28,32,42,13,36,72,15,55,15,40,48,52,36,21,80,64,27,90,5,19,3,26,32,72,41,42,11,33,34,7,39,19,15,0,35,18,40,28,21,25,21,3,71,50,40,29,59,16,61,39,28,0,38,44,13,0,83,34,55,82,18,11,25,30,11,9,35,16,36,0,38,39,12,14,61,14,27,25,2,23,28,24,38,25,74,20,30,15,15,0,2,17,77,20
2007-09-01,5,31,9,22,13,22,48,30,40,73,80,60,27,58,28,31,62,24,54,28,13,9,37,15,0,53,19,39,62,16,83,55,69,19,14,16,28,41,7,35,39,62,21,44,63,28,67,73,61,46,47,54,44,0,32,38,18,33,75,21,65,20,36,45,57,57,30,73,68,35,70,13,30,13,36,25,59,71,30,33,40,60,45,48,34,16,0,37,18,37,32,23,39,24,6,74,47,44,34,51,16,53,45,31,0,43,43,43,0,68,51,60,80,12,21,28,52,10,11,26,34,33,10,38,46,15,8,55,15,27,32,4,25,47,34,52,18,79,30,49,24,23,58,3,16,75,20
2007-10-01,5,33,8,27,12,21,46,34,31,75,79,72,34,47,38,41,65,33,55,51,17,16,29,42,0,56,26,40,68,13,90,56,69,20,21,21,39,43,21,41,41,62,21,46,61,28,66,74,62,48,45,40,43,24,37,40,19,37,74,30,71,21,38,52,59,49,30,73,57,23,55,16,14,25,49,56,65,72,63,15,47,59,23,71,32,23,0,50,25,40,34,34,68,26,9,69,45,49,35,56,25,47,44,35,0,42,46,42,0,55,55,65,56,18,18,62,61,16,14,36,48,42,22,46,53,21,2,41,36,49,27,7,22,43,30,59,31,71,26,55,15,26,0,8,27,68,25
2007-11-01,5,35,7,74,12,22,40,31,54,72,77,60,44,46,49,46,65,24,54,28,19,29,32,41,0,59,17,41,71,20,93,57,70,25,33,32,38,53,28,42,53,63,21,45,59,29,63,71,59,46,46,56,39,24,43,62,20,42,70,37,77,24,41,61,62,54,40,70,60,15,50,18,24,27,45,68,67,66,45,34,42,48,84,42,38,35,0,46,35,50,51,25,40,30,19,73,49,60,36,56,7,60,52,55,0,44,37,37,0,49,52,65,65,38,27,28,53,22,21,48,37,49,26,45,54,30,12,55,44,43,32,11,6,48,28,52,40,70,27,51,21,36,50,10,33,86,29
2007-12-01,5,26,6,33,10,21,40,22,43,68,79,33,27,35,31,32,55,22,46,19,14,12,23,30,0,42,18,37,60,18,79,43,57,19,17,16,33,36,16,31,35,62,19,40,51,28,53,65,54,43,53,55,20,64,30,48,13,39,63,27,67,19,46,54,52,44,40,69,58,0,63,17,23,9,34,38,56,51,38,34,38,36,18,35,29,21,0,38,21,33,36,22,27,24,15,74,38,52,31,52,15,34,41,37,0,41,43,8,17,59,42,59,64,11,5,30,38,13,12,37,27,34,18,36,40,18,10,42,38,34,33,6,18,36,25,40,18,66,33,42,19,27,0,7,28,67,18
2008-01-01,5,27,6,21,10,24,38,36,36,70,78,61,33,29,42,45,64,22,52,13,17,19,26,42,0,52,16,40,73,84,90,50,74,34,23,21,23,41,7,38,38,64,19,44,60,30,68,66,67,41,49,51,25,45,41,51,19,41,75,25,83,20,37,49,56,65,27,71,96,50,100,19,20,15,30,44,60,54,40,34,42,35,58,54,35,25,0,42,26,41,40,27,26,27,10,67,48,49,34,55,10,46,64,36,0,43,35,14,0,100,48,62,94,26,13,20,35,16,16,43,25,58,0,36,47,23,4,60,17,32,24,11,12,39,36,39,25,100,29,51,25,24,24,12,36,74,26
2008-02-01,5,28,7,20,11,25,36,33,35,77,79,56,31,31,45,35,65,37,78,17,13,13,32,15,32,59,33,39,70,40,92,58,75,26,20,20,67,47,15,39,39,60,19,44,58,29,66,65,59,45,46,50,15,46,36,51,20,43,78,28,80,21,38,51,55,55,31,71,85,22,67,15,26,13,43,63,63,68,39,28,23,51,65,52,27,20,0,44,23,46,42,24,27,27,8,65,43,46,33,57,10,52,59,34,0,43,41,18,0,68,47,69,72,12,13,24,56,11,13,41,34,50,16,44,50,18,4,50,31,33,31,8,23,41,33,45,22,88,20,73,13,26,24,10,41,72,23
2008-03-01,5,27,6,23,12,26,35,34,40,70,78,75,41,37,46,48,63,29,55,29,16,27,32,28,0,50,0,38,69,46,88,56,91,46,32,31,34,45,24,47,41,61,20,41,61,28,68,69,58,41,42,44,42,43,45,72,12,57,81,28,88,23,37,53,55,65,47,71,86,20,87,25,26,37,22,68,60,58,48,37,31,55,35,72,42,33,0,49,40,54,51,25,43,29,15,63,48,51,30,51,12,50,81,42,0,42,45,57,0,88,47,70,80,23,8,31,42,20,19,47,30,53,19,46,53,28,8,29,46,37,31,10,21,52,38,39,33,93,29,70,19,28,22,14,36,79,29
2008-04-01,5,31,7,23,11,24,36,60,45,74,79,73,43,45,15,44,67,37,61,9,16,34,32,59,0,52,15,41,70,42,95,59,84,36,37,36,34,57,17,46,51,60,20,43,54,28,66,76,56,43,35,51,21,21,44,84,23,67,86,54,100,27,39,55,64,62,47,74,69,27,64,30,21,7,32,58,72,58,53,39,42,62,65,32,38,33,0,49,37,59,68,27,36,34,20,66,47,73,39,61,9,69,61,49,0,43,27,30,14,62,49,68,75,23,0,63,45,23,23,65,31,63,0,54,65,31,4,87,43,35,44,35,42,51,40,48,40,86,55,61,27,29,0,39,42,78,35
2008-05-01,6,29,7,24,10,23,35,60,62,67,83,85,62,47,54,60,68,34,58,12,24,60,28,78,15,56,15,39,64,25,93,48,82,29,54,55,31,64,23,47,75,59,20,42,55,30,65,91,57,46,33,61,30,21,57,94,28,87,84,75,88,34,39,69,70,51,68,70,59,20,56,54,28,5,48,98,64,52,58,41,57,40,25,53,73,52,0,49,53,60,93,19,41,36,12,65,45,55,31,68,14,59,53,53,0,44,44,46,14,47,50,66,48,11,24,40,46,38,36,79,38,69,7,52,76,50,20,65,29,32,29,71,55,88,27,40,80,70,59,41,27,36,0,79,25,67,34
2008-06-01,5,21,6,31,9,25,39,29,56,72,84,96,73,32,44,71,70,32,61,19,32,59,29,54,15,46,15,38,54,22,92,40,80,25,61,66,34,76,28,46,71,59,19,38,46,29,66,68,56,53,30,62,17,0,67,100,36,100,88,80,93,19,46,69,70,45,66,73,61,34,32,46,43,12,25,79,54,46,21,75,74,34,25,41,86,61,100,37,67,84,100,18,29,37,10,73,43,41,24,65,9,34,54,56,16,43,38,44,14,34,37,65,40,25,20,38,27,45,48,100,22,79,12,69,91,59,8,58,23,29,27,22,31,100,27,33,100,68,85,42,27,22,23,23,47,72,37
2008-07-01,5,18,6,24,8,25,42,23,33,69,89,80,97,34,43,93,66,28,57,25,44,69,30,75,0,36,29,38,54,30,92,33,78,31,77,79,40,54,21,44,53,59,19,37,43,29,68,64,56,37,29,67,34,42,77,78,20,76,81,55,89,12,47,55,69,37,47,72,60,7,22,66,63,5,14,50,60,42,39,60,74,28,29,21,80,79,0,34,100,50,86,17,24,33,5,66,41,35,25,56,6,43,62,66,15,39,33,49,0,30,33,67,41,18,39,28,26,74,76,75,22,95,15,53,69,83,2,56,17,26,23,26,30,82,25,29,100,66,48,40,29,19,44,28,14,70,39
2008-08-01,5,19,7,23,7,25,36,30,26,67,87,58,87,33,26,82,61,36,54,12,44,70,29,72,0,37,15,45,54,30,88,33,73,32,66,69,58,42,18,34,33,59,19,36,45,30,63,100,61,77,30,59,47,21,60,65,18,56,71,37,75,14,52,61,63,37,60,76,49,7,22,45,47,12,21,41,51,38,23,45,44,28,39,24,74,74,0,33,94,54,62,17,15,31,2,73,44,37,25,41,17,32,58,57,0,39,13,30,0,24,32,66,35,25,4,19,26,70,69,45,20,86,8,47,54,74,0,55,15,20,27,22,25,72,20,26,61,59,44,36,23,19,22,17,17,74,32
2008-09-01,5,26,6,21,9,24,36,34,54,73,87,65,95,45,40,85,61,41,62,17,52,79,30,49,0,50,14,45,69,54,100,51,78,48,76,87,40,41,14,35,32,58,18,42,57,27,61,70,56,52,34,65,19,19,74,61,32,47,74,43,81,17,45,51,78,60,64,72,65,24,36,46,34,26,50,57,58,68,32,41,55,42,40,26,54,84,88,41,91,49,66,20,24,32,16,79,53,45,30,39,14,48,76,46,28,43,30,12,26,45,47,72,58,16,14,28,47,89,89,50,43,89,14,49,59,82,7,58,26,33,32,17,28,59,29,42,64,68,39,54,22,25,40,15,38,82,37
2008-10-01,4,30,8,25,10,26,34,26,69,73,90,54,100,35,38,81,62,30,51,18,47,100,24,30,12,48,12,41,85,100,100,50,89,54,100,100,28,39,17,44,31,58,18,42,54,27,58,64,58,45,36,54,56,61,87,54,14,41,73,61,91,19,45,53,72,69,58,70,87,6,75,65,33,28,72,38,82,69,52,30,83,62,29,51,67,100,0,44,100,40,62,28,58,35,6,72,73,49,34,49,18,100,91,53,13,43,35,22,0,77,48,78,80,17,13,39,68,100,99,47,55,83,0,44,56,100,5,49,48,38,36,8,24,74,41,47,73,96,35,67,40,45,18,11,26,82,48
2008-11-01,5,33,6,77,9,26,34,23,53,70,89,56,78,35,32,58,55,48,47,11,35,70,32,20,13,48,13,37,79,82,93,52,74,35,71,70,70,39,15,36,27,56,18,41,53,25,56,63,57,44,38,62,83,19,61,45,9,37,64,46,79,24,52,51,63,62,62,65,75,23,50,38,25,38,37,65,63,64,54,36,64,51,35,46,64,69,0,44,85,37,48,22,38,31,21,78,57,62,29,47,15,75,63,51,0,45,31,20,0,42,43,76,57,16,14,43,56,65,63,44,42,67,13,42,48,66,7,37,57,37,38,8,28,59,39,46,61,82,40,62,21,40,39,7,24,81,32
2008-12-01,4,34,6,35,9,22,32,28,65,67,91,44,81,28,36,72,51,29,46,19,39,72,20,39,0,41,26,37,63,88,83,39,68,33,68,65,59,34,15,28,24,57,17,39,44,24,50,58,53,41,41,44,27,37,52,52,11,31,58,35,68,18,53,48,55,70,41,68,96,35,61,35,30,15,36,35,51,52,41,18,39,36,51,48,78,63,0,35,82,34,40,17,40,29,11,71,51,59,47,43,24,56,60,37,0,40,27,29,0,59,45,70,57,17,10,32,39,67,67,44,33,55,10,36,44,68,18,43,40,27,33,7,13,47,38,42,63,92,43,43,23,35,19,7,22,74,38
2009-01-01,4,28,6,22,8,28,34,23,36,70,90,47,69,37,38,63,57,31,52,20,34,52,27,44,12,48,24,40,71,81,92,40,65,31,54,54,27,33,16,31,26,57,17,48,54,27,60,60,64,40,47,54,41,17,47,46,15,33,64,35,70,18,45,42,60,59,44,66,92,26,23,36,26,27,28,48,48,49,41,26,41,43,27,52,63,52,0,38,69,35,39,18,30,29,10,65,53,41,29,44,16,40,54,38,0,44,26,29,11,30,57,74,50,20,38,27,39,53,55,33,24,58,30,36,39,55,5,46,29,28,22,7,35,44,34,40,61,80,18,45,29,19,0,4,8,74,32
2009-02-01,4,26,6,20,8,27,36,26,34,69,83,42,53,44,34,56,59,41,56,23,28,35,32,60,12,54,12,39,88,99,98,48,69,40,37,39,38,35,10,31,22,54,18,40,52,28,58,60,61,40,39,74,37,35,42,43,10,33,66,30,74,18,43,54,59,67,41,68,88,28,23,29,27,30,53,30,56,68,46,23,54,32,41,37,51,35,0,43,44,31,35,20,26,29,10,64,48,50,37,40,19,39,65,38,0,45,37,30,23,28,47,80,53,11,33,41,53,36,35,32,43,52,13,30,42,37,8,62,29,32,38,7,28,44,39,43,45,85,24,77,26,40,0,7,31,70,30
2009-03-01,5,29,7,22,8,28,34,24,42,70,83,35,46,26,39,47,57,45,52,21,22,30,24,46,0,49,11,38,80,98,98,51,70,38,32,35,27,33,14,30,22,56,19,39,50,27,61,63,58,41,37,56,38,16,42,40,10,33,74,28,82,19,43,48,60,62,27,71,80,5,31,30,19,40,44,38,55,62,49,24,27,46,29,55,31,28,0,49,31,38,37,21,38,29,24,65,47,61,29,48,14,41,59,33,0,45,36,27,10,29,47,83,57,23,24,49,51,33,32,32,42,51,11,36,41,33,15,33,38,39,43,6,25,43,43,50,33,78,25,68,34,37,0,4,42,75,28
2009-04-01,5,29,7,27,8,32,34,28,32,70,81,32,35,35,45,41,57,22,51,5,16,21,26,34,11,52,35,38,75,79,97,49,66,29,25,23,33,32,11,27,22,61,18,39,49,26,59,62,65,40,32,50,50,16,35,43,10,33,69,29,70,22,51,52,58,70,29,72,76,15,34,20,33,21,29,45,60,57,48,20,41,49,50,58,38,22,0,47,25,54,32,23,35,30,15,65,48,69,34,50,11,50,50,42,0,51,31,23,0,31,46,91,48,17,15,60,52,26,25,35,39,50,18,37,37,26,20,48,45,34,43,4,24,41,44,52,28,73,20,68,27,46,17,5,47,73,26
2009-05-01,5,26,7,24,7,27,33,37,31,66,78,32,36,30,29,40,56,30,50,30,16,23,26,63,11,51,33,36,67,63,91,43,63,27,27,27,25,25,13,25,18,59,18,37,47,41,60,61,66,41,31,47,54,31,33,46,7,35,70,30,63,28,49,44,57,51,26,69,61,39,30,15,27,19,29,39,55,51,43,22,30,35,25,29,33,24,71,47,22,43,30,21,47,27,27,59,50,62,26,48,19,30,45,39,0,52,23,22,0,27,43,91,44,21,29,46,40,28,28,29,37,46,8,35,36,27,18,39,37,25,37,5,18,38,32,41,26,59,22,60,30,32,0,7,27,71,24
2009-06-01,5,22,6,23,7,28,100,22,24,63,78,45,38,23,35,41,59,23,53,14,20,23,23,55,0,43,16,36,56,50,87,36,63,28,26,24,31,29,7,24,18,59,18,34,42,29,63,59,66,36,30,48,57,31,34,53,8,35,66,19,58,17,47,36,59,51,22,68,69,19,21,21,34,5,22,37,47,41,39,22,35,36,29,48,34,24,71,34,20,48,29,16,28,26,9,66,57,42,24,48,18,33,47,33,0,50,24,19,10,24,38,77,37,13,12,38,31,29,30,22,23,41,11,30,36,29,3,46,23,21,27,6,23,32,29,33,26,60,18,36,32,26,16,2,21,73,26
2009-07-01,5,19,7,24,6,29,40,13,17,65,80,50,36,42,33,42,57,32,52,18,21,21,26,67,22,36,11,38,56,48,85,30,63,25,24,24,31,28,8,21,17,62,18,30,38,28,62,59,67,35,36,45,44,30,35,45,12,34,64,14,49,11,46,40,56,43,26,71,61,29,19,16,19,19,19,22,48,42,39,19,47,27,21,25,34,22,0,28,23,27,27,14,22,26,7,63,51,36,21,31,13,33,46,28,0,45,25,5,0,20,27,75,33,23,9,29,30,28,29,24,25,44,8,27,32,26,10,41,14,24,24,2,14,34,29,23,30,57,17,33,38,19,16,1,32,74,25
2009-08-01,5,19,6,24,7,29,32,16,17,66,79,37,30,42,44,41,57,45,54,27,18,19,24,59,0,34,16,38,56,45,85,33,62,26,20,21,22,28,6,22,20,62,18,33,41,28,60,61,71,34,53,50,35,23,32,40,12,32,65,14,47,14,51,42,62,45,26,74,58,10,19,15,22,5,24,31,47,41,36,11,39,42,29,58,34,20,0,33,17,29,27,15,26,27,7,62,50,36,25,39,3,30,44,32,11,52,39,17,0,21,32,80,37,23,17,29,32,25,22,26,27,48,11,33,33,24,7,53,18,22,24,2,10,28,29,35,22,57,20,38,24,22,16,5,27,76,21
2009-09-01,5,22,6,23,7,28,35,21,22,66,77,37,30,46,40,43,58,42,53,17,16,18,24,45,10,49,10,37,64,46,90,42,65,35,20,22,40,32,12,30,20,59,18,37,53,26,56,63,68,37,49,51,44,14,31,50,11,29,67,19,54,15,46,40,69,51,30,68,50,27,17,23,17,36,35,29,47,67,49,35,28,47,23,43,27,19,0,39,17,33,30,16,35,28,12,77,45,42,25,44,6,31,59,39,0,50,27,24,10,23,43,87,39,15,16,40,49,22,21,31,46,48,10,32,32,22,11,56,24,25,33,5,14,36,30,43,21,54,39,58,47,26,15,4,17,79,27
2009-10-01,5,24,7,27,8,31,35,24,23,74,75,31,31,36,56,37,60,50,54,16,16,18,27,63,0,52,14,36,74,47,97,47,69,36,21,21,37,30,10,27,20,61,18,39,54,28,57,65,72,39,44,44,35,34,34,47,10,28,64,21,59,19,50,43,67,55,33,68,57,55,19,18,36,36,58,46,51,71,47,31,34,50,47,44,28,22,0,42,17,32,30,23,37,31,20,62,46,49,30,47,12,35,59,32,0,53,34,21,9,26,47,100,38,33,10,46,76,22,21,30,65,51,19,36,39,23,13,46,43,36,40,4,22,37,39,53,20,61,30,69,40,40,14,2,24,73,24
2009-11-01,5,28,7,78,8,31,33,26,26,68,73,27,29,38,25,31,57,43,52,14,14,14,28,41,10,56,14,36,73,45,95,48,66,40,18,18,41,29,10,26,24,63,18,38,49,26,56,66,74,40,46,54,31,20,33,44,10,29,62,23,60,21,51,44,62,59,28,67,53,21,35,17,33,30,50,51,54,64,54,43,25,37,35,39,23,18,0,48,11,35,30,21,48,32,19,67,42,61,29,57,18,37,66,26,10,56,27,17,0,26,46,91,49,11,5,56,57,17,17,30,47,46,10,35,42,20,22,52,63,33,44,5,11,41,37,45,16,57,30,60,33,50,14,4,36,80,26
2009-12-01,5,24,7,36,8,30,37,21,24,62,78,29,25,38,22,28,52,23,45,8,13,13,23,70,10,41,19,38,67,35,84,37,61,43,16,17,37,23,15,25,20,65,17,34,43,37,49,61,67,38,46,50,39,41,29,49,6,23,56,20,54,16,50,36,60,49,26,66,46,13,31,15,31,14,31,41,44,55,57,15,29,33,38,42,19,17,0,36,12,37,25,17,36,27,19,68,36,54,18,44,10,33,66,36,0,53,20,21,9,25,43,82,45,19,15,42,44,16,15,30,38,46,14,37,32,19,22,36,46,22,39,3,13,32,31,42,14,51,24,44,30,32,28,2,24,69,21
2010-01-01,5,26,7,23,8,33,33,24,21,69,75,25,25,39,33,26,58,35,50,18,13,13,23,33,9,46,9,36,73,34,91,41,62,30,17,17,20,28,17,25,19,65,19,36,51,28,56,64,77,38,49,47,16,25,29,51,9,25,63,15,58,14,51,41,61,51,30,65,56,35,23,18,42,16,33,48,45,52,38,17,24,31,20,50,22,18,0,35,11,38,28,15,22,30,11,58,38,43,20,33,22,31,48,26,0,54,33,19,8,27,43,81,39,26,7,25,41,16,16,28,39,44,4,38,33,19,14,42,25,21,30,3,20,31,31,38,13,54,26,46,29,29,13,2,28,71,20
2010-02-01,5,25,7,21,8,32,40,22,22,72,73,36,27,44,41,21,61,37,53,14,15,13,27,44,9,54,19,37,78,34,99,49,66,30,17,18,31,28,11,26,20,69,19,37,55,34,54,61,74,49,43,46,19,0,29,46,11,26,63,19,62,17,47,46,61,54,28,66,59,13,31,18,35,26,57,42,53,65,51,21,27,44,22,68,19,17,61,43,13,28,30,18,38,32,15,61,43,48,21,49,13,38,49,24,19,54,28,19,9,39,44,92,49,24,10,27,56,18,17,26,54,51,9,34,36,18,10,39,34,25,43,2,27,34,36,35,12,60,24,72,34,40,0,2,24,74,20
2010-03-01,5,26,7,24,8,32,31,21,26,68,70,35,25,41,35,20,65,43,55,17,14,13,29,39,0,53,25,36,75,35,99,54,66,28,17,15,29,27,14,32,19,66,19,37,50,27,55,68,73,44,38,48,32,29,32,59,19,28,71,23,64,18,47,52,60,64,26,69,59,55,26,15,42,36,56,37,53,63,60,15,36,41,38,50,15,15,0,49,11,41,31,18,34,33,11,59,47,59,26,43,13,44,49,28,9,54,26,24,0,31,45,93,51,22,0,45,55,16,15,31,54,47,4,33,39,17,18,40,48,29,43,4,11,39,44,41,12,63,25,63,34,46,12,3,37,71,19
2010-04-01,5,25,7,25,8,36,33,27,24,68,73,38,27,39,36,21,62,32,61,9,14,16,26,40,9,50,18,37,73,32,97,51,64,26,17,16,36,27,11,34,25,62,19,37,45,26,56,71,69,42,33,52,42,31,32,56,11,28,72,25,62,23,52,46,58,70,27,69,60,35,34,17,55,18,35,49,51,67,60,29,36,47,64,50,28,15,0,48,11,61,38,20,39,38,24,60,44,72,23,57,18,29,46,27,0,53,23,19,17,34,48,89,45,30,9,55,54,18,17,33,46,48,20,37,37,18,27,44,50,32,51,3,19,36,45,51,16,64,42,64,30,52,39,6,40,73,26
2010-05-01,5,27,7,25,6,32,34,42,25,66,75,34,36,34,17,22,76,42,56,18,17,27,27,28,9,48,35,35,72,27,90,47,60,35,22,19,34,26,10,30,21,59,19,37,45,28,56,66,75,40,30,58,16,12,44,53,9,29,68,59,65,29,63,51,55,56,30,67,52,23,27,19,54,18,34,60,59,57,60,72,40,47,29,69,32,18,0,46,14,56,70,20,55,85,20,57,57,62,22,48,13,60,58,30,0,59,42,19,8,25,43,89,36,22,14,61,46,23,21,39,37,40,20,40,41,24,25,32,42,23,40,3,14,30,39,40,20,57,85,46,37,48,13,2,23,67,24
2010-06-01,5,19,6,25,6,32,35,28,19,67,74,28,31,30,38,20,83,37,55,15,13,29,24,45,9,45,18,36,60,24,84,38,58,31,19,14,26,26,11,29,21,62,21,33,47,27,58,60,78,34,28,63,36,38,40,56,11,23,63,65,50,19,65,47,57,47,37,67,49,12,21,14,56,22,23,50,48,43,47,100,44,37,65,43,26,13,0,37,11,45,74,16,40,100,9,62,53,44,22,40,5,36,50,26,0,55,31,12,8,23,34,83,32,17,2,43,34,18,16,44,30,35,9,41,40,21,12,45,22,23,34,3,16,35,34,38,15,54,91,42,34,30,0,2,20,66,23
2010-07-01,5,16,7,24,5,31,32,18,13,61,74,35,23,22,44,17,62,29,52,9,11,12,22,43,8,33,8,34,54,22,81,34,57,31,14,13,22,27,10,24,17,58,19,29,43,26,54,62,69,32,26,56,28,23,31,46,8,24,61,27,45,12,62,40,48,45,22,70,50,33,15,14,39,15,21,21,43,40,30,39,28,26,22,31,21,12,0,30,10,45,41,14,22,56,9,57,47,34,17,35,18,35,45,23,0,50,34,9,8,19,29,81,28,16,7,34,25,14,13,28,29,36,0,34,35,17,10,29,20,24,27,3,19,26,34,25,11,53,51,34,40,28,12,3,18,71,19
2010-08-01,5,18,7,23,8,30,37,18,12,63,75,33,23,36,42,18,57,35,52,22,12,10,23,40,24,36,24,34,59,24,83,34,60,31,14,12,29,25,9,23,16,55,18,33,37,27,53,64,71,37,28,48,22,11,32,50,11,23,59,16,46,12,51,31,48,48,23,74,51,25,18,9,36,23,23,34,46,41,39,21,26,30,10,53,17,12,0,30,13,35,29,11,31,38,6,61,41,36,19,41,8,30,42,15,16,54,20,14,7,21,34,78,33,10,4,28,30,14,13,25,28,36,8,29,34,16,11,32,21,24,27,3,11,26,31,29,14,54,29,35,32,28,12,2,27,71,20
2010-09-01,5,20,7,23,8,30,36,24,18,63,72,26,24,27,36,18,61,24,49,13,12,10,20,33,8,48,11,39,64,28,87,43,63,36,14,12,30,24,10,33,20,55,18,36,46,23,50,62,66,35,30,58,16,0,31,46,9,24,64,22,53,14,52,38,53,48,26,67,47,14,17,9,43,27,51,41,46,67,50,18,36,42,30,50,18,13,0,36,10,34,31,15,27,43,14,72,37,43,28,40,15,25,52,23,8,52,27,20,14,19,40,83,35,7,2,35,53,13,13,29,54,40,10,35,32,16,14,40,30,26,37,5,15,29,38,38,12,55,31,51,29,36,0,2,28,67,24
2010-10-01,5,23,7,26,6,33,33,23,20,63,71,21,23,27,32,17,60,29,48,8,11,9,22,33,0,52,15,34,68,26,94,48,68,41,15,13,30,26,10,29,18,53,19,35,46,24,47,66,68,35,31,54,23,10,30,46,9,25,64,20,60,14,53,40,54,56,25,66,51,23,19,10,53,31,60,36,47,64,64,23,27,38,41,59,19,14,0,40,10,41,31,18,48,40,19,59,36,45,23,41,10,36,62,25,8,51,35,16,7,21,41,88,36,8,2,51,72,12,12,28,69,39,9,35,32,16,14,32,51,27,47,3,25,30,40,41,13,56,27,70,42,48,11,2,21,69,23
2010-11-01,5,23,7,81,6,32,32,23,22,66,93,28,24,31,33,18,58,30,46,13,12,10,24,25,14,51,18,33,71,26,95,49,70,45,16,14,38,22,9,29,21,54,18,33,42,24,47,67,66,36,34,47,21,10,32,50,8,25,64,24,70,16,55,38,58,62,31,66,53,26,22,9,37,45,59,47,50,63,49,21,26,44,47,51,16,15,0,41,13,38,31,20,32,38,13,67,34,64,21,44,17,31,74,18,22,50,32,22,14,24,41,85,37,15,10,43,59,12,12,28,57,50,4,35,34,18,26,38,67,30,48,3,11,35,44,40,13,58,24,61,40,49,0,4,25,74,23
2010-12-01,5,19,7,37,5,63,31,25,20,59,81,31,22,26,23,16,56,25,43,12,11,11,18,27,0,38,7,35,56,21,82,38,63,42,17,14,16,24,10,28,20,54,17,32,38,24,42,59,61,39,39,51,28,25,30,47,6,22,54,20,56,13,58,33,52,49,22,65,46,13,23,8,35,29,33,23,43,45,48,13,25,35,31,56,14,18,0,32,14,36,27,11,42,33,11,68,28,60,18,35,10,23,68,20,15,48,27,17,0,28,37,78,36,9,10,42,42,14,13,26,42,36,11,31,29,19,33,28,47,21,38,3,16,21,33,34,12,50,24,44,35,46,21,2,24,77,19
2011-01-01,5,20,8,24,5,43,34,20,23,65,81,33,28,26,28,18,57,42,48,15,15,14,20,29,0,48,7,38,66,20,89,40,72,45,22,22,29,30,7,32,20,54,17,37,45,25,53,64,73,39,41,58,24,10,35,51,13,23,62,19,69,16,50,34,56,45,30,65,53,27,13,17,39,17,24,38,43,52,44,21,25,47,37,45,24,22,0,38,20,38,29,12,31,38,6,58,30,46,16,45,15,25,68,22,0,57,39,10,12,20,45,80,27,19,7,25,40,16,16,29,38,47,3,35,37,22,9,34,23,22,32,3,18,27,37,32,20,57,27,46,32,29,20,3,24,75,22
2011-02-01,5,19,8,22,5,38,37,26,30,66,86,50,40,30,37,24,57,45,53,9,33,23,23,22,7,53,7,36,72,19,94,47,76,43,32,35,34,51,14,39,22,51,18,56,43,23,51,61,64,35,40,68,25,10,38,63,7,26,67,32,72,15,50,41,58,57,43,64,55,25,22,22,49,29,54,39,47,67,50,26,35,45,58,51,41,29,0,40,34,50,49,16,37,41,18,57,29,49,20,49,14,33,68,22,7,59,42,26,26,23,71,86,37,19,20,48,61,25,26,35,50,48,12,35,53,29,16,38,36,25,40,7,22,33,44,49,31,59,42,67,39,44,10,6,39,71,27
2011-03-01,5,20,12,21,5,39,29,27,32,65,75,45,43,44,34,24,57,37,56,12,24,24,26,17,6,49,12,34,68,22,94,53,75,41,35,35,40,56,16,35,21,52,100,46,43,23,51,66,65,38,38,72,35,26,42,69,11,32,67,40,67,17,50,46,60,63,52,67,50,25,21,25,41,45,43,69,53,59,51,39,41,47,56,59,42,33,0,45,38,48,65,18,45,44,14,59,26,54,17,57,14,30,74,28,13,66,29,36,6,25,60,86,37,15,20,53,52,28,28,43,46,54,11,45,58,33,24,48,43,31,43,22,26,45,48,41,28,60,46,65,41,50,0,27,45,66,31
2011-04-01,5,19,14,25,4,36,27,27,29,65,77,62,33,33,30,19,53,37,52,21,18,20,24,19,0,45,13,33,68,20,89,48,75,47,30,31,26,35,13,32,18,54,30,38,40,23,50,63,58,39,33,61,42,24,37,85,12,34,69,30,69,17,51,42,56,62,38,69,48,30,37,23,71,35,41,64,49,60,59,31,45,56,55,82,27,28,0,43,35,55,53,17,56,42,11,60,25,68,16,54,18,35,94,28,14,54,35,25,6,27,52,84,53,11,27,78,47,20,21,42,46,43,3,41,44,28,46,38,53,28,55,5,31,41,52,42,22,59,44,64,40,58,20,5,36,77,25
2011-05-01,5,27,11,23,5,34,28,35,28,60,71,48,39,41,33,20,52,39,53,14,18,22,22,34,6,48,16,33,59,18,86,45,74,45,34,35,40,29,12,32,17,52,23,40,40,26,55,61,62,39,35,64,37,35,34,68,10,32,64,30,63,24,55,35,54,57,39,67,46,20,22,21,46,35,38,59,49,53,52,26,24,42,33,72,29,34,0,42,40,57,45,14,44,41,17,58,27,64,18,47,17,33,88,25,0,57,32,15,12,26,53,82,37,22,15,62,49,25,26,33,42,48,9,37,42,30,38,42,49,27,50,3,26,34,42,40,25,59,40,57,43,44,28,4,22,67,25
2011-06-01,5,17,12,23,4,35,26,22,28,61,73,37,30,36,26,17,53,40,55,16,17,14,22,33,6,40,16,32,54,18,85,37,65,39,22,21,32,28,8,29,15,53,22,31,36,26,54,61,61,34,39,57,29,9,32,52,9,27,63,18,54,14,53,37,51,47,20,69,45,14,13,12,42,27,21,42,44,41,43,32,26,34,21,75,24,23,83,33,30,44,36,13,38,35,6,62,27,47,16,41,9,25,58,20,73,59,31,13,6,20,37,75,30,8,10,36,38,17,18,37,29,48,8,32,40,22,24,42,29,22,38,27,12,32,36,30,14,52,38,40,43,28,0,29,20,67,17
2011-07-01,5,18,9,22,4,36,24,19,13,62,72,35,23,45,30,13,50,31,54,11,14,11,22,26,0,31,19,31,57,16,82,34,63,51,17,15,24,29,11,22,12,50,22,27,36,100,52,60,62,33,32,55,39,18,30,51,7,27,60,13,51,11,56,33,47,50,23,69,48,20,9,12,28,23,28,37,42,38,46,25,24,33,13,72,17,18,83,28,21,47,28,12,35,33,8,62,28,38,18,34,17,24,64,21,46,57,45,13,12,17,26,75,25,11,13,30,28,12,12,25,30,51,11,35,32,17,21,29,24,27,33,6,13,22,37,25,12,54,20,40,42,36,9,6,27,76,18
2011-08-01,5,16,12,23,4,34,27,35,15,62,78,34,36,36,26,20,50,25,56,15,21,18,19,24,6,36,6,36,60,42,83,38,70,100,29,29,25,28,8,27,13,50,20,30,36,32,51,63,64,33,33,45,23,30,40,54,9,26,58,13,58,12,55,37,48,56,33,74,59,19,16,17,43,16,31,34,56,40,46,23,42,31,22,89,21,30,0,28,39,42,33,12,20,34,12,63,32,42,17,39,13,56,100,18,31,61,34,8,6,19,32,76,31,13,16,26,30,24,25,23,32,54,3,31,35,26,13,32,22,23,32,4,15,27,37,27,23,57,29,34,44,26,27,2,34,73,29
2011-09-01,5,22,9,22,4,38,32,24,18,63,73,34,27,46,32,15,51,34,56,15,16,12,22,10,0,48,15,39,62,30,88,48,72,84,22,22,33,28,8,31,14,47,21,35,43,25,49,63,60,39,33,52,24,21,32,58,11,26,58,15,58,13,54,38,51,52,31,68,48,39,14,14,40,38,56,46,49,71,48,16,30,46,23,72,18,24,38,35,23,38,31,16,27,37,13,70,28,46,18,38,14,37,79,21,12,59,23,19,22,15,42,87,31,12,14,49,64,16,16,28,61,47,9,33,33,20,21,27,36,31,47,3,22,33,42,40,12,54,20,53,40,38,9,3,25,68,25
2011-10-01,5,19,9,30,4,39,31,21,19,66,72,35,26,42,25,13,51,34,56,9,15,11,20,21,0,49,25,37,66,28,93,49,65,70,20,18,29,27,9,31,13,46,19,35,42,25,46,68,59,35,36,71,28,24,30,62,8,24,59,20,62,12,58,39,52,64,24,67,46,20,20,10,36,63,70,50,52,71,69,22,31,46,44,62,19,23,0,38,23,41,35,15,34,38,21,57,23,48,19,44,24,33,61,21,40,63,33,14,11,20,46,88,32,17,19,70,80,12,13,30,70,50,10,36,36,19,27,46,55,40,52,3,25,33,46,42,13,56,28,74,37,55,17,2,13,68,23
2011-11-01,5,19,12,85,4,38,45,20,21,67,67,36,25,42,33,13,52,29,51,10,14,12,22,15,0,51,17,41,72,27,92,51,65,65,19,18,34,28,13,36,14,46,17,33,41,25,46,65,56,38,39,57,25,12,31,53,11,25,56,20,65,14,55,42,56,65,24,68,46,20,23,16,35,44,59,60,48,65,67,22,28,50,57,86,20,19,0,40,19,39,34,16,44,39,20,66,22,63,17,47,21,32,53,22,12,56,25,14,21,21,44,82,33,12,12,52,59,15,14,30,58,46,13,35,37,18,29,27,71,34,48,3,23,31,49,41,14,57,30,63,36,61,0,2,23,69,22
2011-12-01,5,17,11,37,5,38,46,20,18,59,70,26,20,31,31,11,47,29,48,9,11,10,19,21,5,37,8,43,56,22,80,37,59,65,15,13,26,24,20,31,12,45,17,31,36,26,40,60,54,39,38,52,19,31,29,50,7,22,52,17,55,13,67,38,48,50,22,67,41,27,27,11,31,29,33,41,40,45,46,13,15,33,24,88,13,17,0,30,15,35,33,9,41,34,14,65,21,58,14,39,15,25,50,20,6,57,32,17,10,21,39,71,35,11,10,60,43,10,10,27,46,33,8,32,33,15,28,34,49,25,46,3,10,21,39,32,9,51,28,39,45,44,16,3,21,66,20
2012-01-01,5,16,10,23,4,42,56,36,19,68,70,35,23,43,37,12,53,39,59,6,12,11,21,7,0,46,23,51,60,20,90,40,60,58,18,14,29,30,20,34,12,47,17,34,43,28,47,59,64,37,42,50,22,25,31,52,10,24,56,17,57,13,63,36,58,49,22,65,47,14,11,8,35,28,35,39,41,53,57,27,24,32,23,57,14,18,0,33,17,48,41,11,29,38,14,57,21,42,12,44,11,33,48,24,5,54,31,21,5,19,42,78,26,18,8,43,43,10,10,28,37,43,8,32,37,17,19,38,33,27,35,3,21,28,40,35,11,53,22,45,44,27,8,3,30,68,19
2012-02-01,5,17,22,21,4,42,61,27,22,73,65,36,26,45,24,13,56,47,63,10,16,13,21,25,5,56,11,45,67,19,94,46,67,54,20,18,29,31,16,37,13,43,17,36,40,26,47,61,59,39,38,68,22,15,35,63,15,27,57,22,59,14,60,45,60,61,31,67,49,38,15,11,38,52,59,67,45,72,56,29,31,36,35,61,19,21,0,37,22,45,49,12,45,42,17,59,20,51,16,39,15,32,50,26,16,59,40,21,15,20,47,82,33,18,14,44,66,11,13,36,61,46,8,42,45,19,22,45,39,30,52,8,35,37,52,34,17,58,43,76,56,45,31,8,36,63,22
2012-03-01,5,17,16,21,4,40,47,25,26,70,64,39,26,45,32,12,54,33,58,5,14,14,23,14,0,47,0,43,63,18,90,52,65,48,21,20,40,31,25,35,13,44,18,34,40,34,49,62,55,44,36,65,33,21,35,64,14,28,60,23,60,14,60,43,59,63,26,67,47,40,18,14,42,37,47,59,50,59,72,33,28,44,41,71,18,19,0,41,21,45,55,12,47,43,21,57,20,61,17,48,14,35,46,31,36,58,26,21,14,21,43,81,30,20,12,59,54,11,12,37,51,45,11,38,51,19,28,41,55,28,52,14,31,37,50,37,14,59,47,74,43,54,7,14,36,63,19
2012-04-01,6,17,11,24,3,44,35,29,21,68,65,20,23,41,33,11,53,38,57,13,12,11,23,24,10,49,13,37,62,21,88,51,61,40,18,18,24,30,16,32,12,43,17,32,38,33,56,63,53,38,35,70,29,15,31,73,14,28,60,25,58,16,56,39,60,66,30,69,47,32,29,18,46,44,47,51,49,62,72,30,26,42,46,69,14,16,0,44,19,44,43,14,60,42,17,56,20,76,15,49,17,34,40,26,16,59,33,16,10,24,40,84,39,22,10,68,54,10,10,31,52,42,12,35,40,16,39,49,65,31,57,6,18,29,59,39,11,62,32,64,52,62,15,5,29,66,19
2012-05-01,6,18,12,23,3,41,33,71,23,66,67,30,27,55,30,12,58,42,62,15,14,12,20,28,0,49,17,37,61,19,88,49,62,42,19,20,25,28,13,31,10,42,17,32,38,34,49,61,56,42,29,72,28,24,31,66,11,26,61,26,56,22,62,40,59,58,22,70,47,24,20,12,41,38,43,51,46,56,54,26,33,41,38,81,15,17,32,43,22,43,40,14,54,43,23,57,25,63,14,56,12,35,45,18,20,61,37,7,0,21,42,83,30,17,13,75,47,14,15,28,47,36,6,31,41,18,40,46,42,27,47,4,12,27,49,33,12,61,31,48,54,47,14,5,33,62,21
2012-06-01,5,13,17,24,3,39,29,30,19,64,67,32,29,34,44,12,55,33,55,17,17,13,21,22,10,38,13,34,53,15,81,39,61,43,22,21,20,24,14,29,10,43,17,28,33,28,50,60,55,49,28,60,35,7,31,57,10,22,56,15,47,12,60,36,50,55,23,68,48,27,13,12,31,36,27,36,41,42,44,22,27,33,31,78,19,21,33,28,28,37,32,11,43,37,14,64,23,44,12,37,12,27,46,16,10,64,33,11,24,16,31,82,23,12,15,47,37,18,18,24,33,36,8,29,34,21,21,39,30,28,36,4,13,24,44,25,14,57,24,42,52,36,0,3,24,66,18
2012-07-01,5,13,21,23,3,40,33,36,16,65,69,29,23,37,31,10,51,33,57,7,14,9,29,17,5,31,10,34,49,15,78,33,61,41,18,17,26,24,10,24,8,43,17,28,32,31,51,60,55,35,33,65,27,7,31,59,8,23,84,11,43,10,63,28,49,49,19,72,45,26,13,12,31,31,25,34,38,40,46,19,28,28,31,63,14,16,0,27,22,42,31,9,30,37,11,62,21,39,11,39,12,27,43,17,0,68,26,14,5,16,30,81,24,16,13,27,34,12,13,24,35,34,4,31,32,18,26,36,20,24,33,3,16,21,41,27,11,57,20,33,64,31,15,2,29,65,20
2012-08-01,6,13,20,22,3,38,42,22,13,62,70,29,21,34,42,10,50,31,91,7,12,8,27,21,10,32,12,36,49,16,78,36,58,45,16,14,19,25,9,23,9,42,18,29,36,29,50,63,57,42,31,66,43,35,28,55,7,25,68,10,44,9,63,38,48,43,22,74,43,17,9,11,27,19,27,34,40,41,42,19,23,26,24,60,14,14,0,28,18,48,31,8,30,37,7,63,20,38,11,41,8,23,46,10,30,63,25,13,0,15,31,74,24,11,15,38,31,10,11,24,32,34,6,31,32,16,25,39,21,23,32,6,7,23,41,29,10,55,21,30,58,26,14,6,23,69,17
2012-09-01,6,17,15,23,4,41,42,29,17,70,70,28,25,36,33,11,55,50,62,10,12,10,28,21,5,48,15,36,62,17,86,50,66,48,19,17,30,25,13,26,9,42,18,41,44,26,48,66,56,36,32,72,29,14,31,58,8,25,74,15,56,12,67,37,51,59,31,69,44,37,12,11,40,49,61,62,43,75,69,29,22,38,42,77,15,16,0,37,17,36,39,16,38,41,7,72,18,49,14,45,20,33,61,16,100,69,47,15,9,17,56,85,28,10,10,50,73,12,12,27,65,40,11,33,37,17,16,39,37,31,47,6,28,27,50,41,10,57,27,57,53,38,7,3,27,71,20
2012-10-01,5,17,17,28,4,39,39,23,17,72,64,25,26,36,33,10,55,39,57,14,13,10,24,19,4,48,18,40,65,19,94,52,66,43,19,18,30,31,13,29,10,42,17,36,41,25,45,60,55,37,32,69,35,25,32,58,10,25,67,16,57,12,63,44,57,61,32,67,47,25,17,15,44,83,79,63,45,80,62,30,29,45,45,71,15,18,0,40,19,46,43,15,49,41,21,64,16,53,15,38,11,28,49,16,36,63,36,26,8,19,46,87,30,13,11,61,92,12,12,27,81,58,6,33,54,18,25,50,58,37,57,5,25,31,57,41,11,61,29,82,48,59,20,4,28,73,21
2012-11-01,7,16,14,84,3,39,36,20,17,71,65,15,23,41,34,9,53,34,50,9,12,9,21,15,7,44,0,37,63,21,89,51,61,45,17,14,31,24,17,30,10,42,17,38,38,24,44,59,56,36,33,63,23,38,31,59,8,25,59,17,54,13,67,43,61,63,22,67,41,38,18,12,27,64,52,61,44,64,61,26,23,42,30,73,11,16,29,41,14,37,47,13,48,41,26,76,14,59,14,45,16,26,51,15,9,64,26,17,8,19,52,82,33,9,12,63,61,9,10,27,59,45,7,30,44,16,41,40,80,30,50,4,15,28,56,41,9,55,31,60,44,62,13,4,31,76,21
2012-12-01,6,14,18,39,3,39,30,18,16,66,82,21,18,41,32,8,46,29,45,13,10,7,17,13,13,38,4,39,49,15,75,39,55,44,13,10,23,21,15,24,9,41,18,29,35,26,38,59,53,38,38,57,22,19,27,48,5,19,48,13,48,12,75,32,47,55,14,64,40,28,22,9,29,37,37,42,37,48,41,15,18,32,34,69,12,13,0,34,12,40,28,13,45,36,20,69,14,60,14,36,16,26,49,16,5,59,24,11,0,19,38,77,29,9,8,69,44,8,8,23,46,34,12,27,31,13,44,36,58,27,46,2,16,19,43,35,7,50,22,48,41,50,7,1,22,66,18
2013-01-01,7,14,13,23,3,43,30,18,17,75,81,19,20,38,39,9,53,29,51,12,12,8,20,11,4,47,16,38,56,15,85,41,59,43,15,12,18,24,14,28,8,42,17,31,43,26,47,57,59,38,40,66,19,12,28,64,9,22,52,12,53,12,70,39,53,51,18,65,44,31,11,9,45,38,42,40,40,54,48,19,22,41,47,64,12,12,0,34,13,35,32,13,23,41,9,58,15,43,13,40,11,23,49,17,0,65,35,12,11,15,35,78,22,10,12,39,41,8,8,25,40,34,11,29,36,15,20,38,27,27,40,3,15,22,43,34,7,54,26,46,46,33,12,3,27,64,17
2013-02-01,5,16,12,22,3,43,34,19,18,76,63,34,21,42,26,9,51,34,52,12,13,9,23,16,4,51,11,41,60,15,86,51,64,44,16,14,28,23,11,28,8,41,16,32,40,24,45,56,55,100,38,66,22,40,30,61,9,23,52,13,57,12,63,38,53,64,22,64,46,37,18,13,29,54,66,56,44,73,68,19,22,41,41,58,9,13,0,40,12,42,31,12,38,42,22,59,17,54,15,46,14,26,50,18,9,64,41,12,8,21,40,83,30,13,14,68,71,9,9,24,64,35,8,31,37,15,27,42,40,32,52,3,27,28,59,44,7,60,31,77,46,49,13,2,32,66,20
2013-03-01,5,15,14,24,4,40,32,17,18,73,70,31,19,46,41,8,49,34,51,10,11,8,21,4,8,42,12,40,60,15,83,49,62,41,14,13,24,24,8,28,8,42,18,31,41,24,46,59,59,42,35,67,25,20,29,64,6,24,49,14,56,13,66,44,51,63,18,68,47,35,18,9,37,54,50,49,45,68,70,24,24,38,41,77,9,11,26,40,12,48,33,12,37,42,27,58,18,58,12,44,15,28,49,17,4,65,31,11,7,22,38,82,30,17,7,54,55,8,9,28,55,37,11,29,36,15,34,38,51,32,53,3,17,29,56,42,7,61,30,69,46,60,6,3,26,66,18
2013-04-01,6,28,14,25,4,47,35,22,20,74,66,30,22,52,39,8,51,41,56,13,12,9,23,7,4,45,8,43,60,16,86,53,71,80,15,14,26,23,9,29,8,42,18,32,38,25,46,63,55,41,30,78,24,25,30,60,11,23,53,19,59,18,66,43,55,71,15,69,47,22,29,14,39,56,42,60,48,67,65,19,25,52,59,81,10,11,0,47,15,49,33,15,60,43,26,62,18,74,13,44,16,33,75,21,4,77,36,19,8,27,41,82,41,16,12,60,58,10,11,29,49,38,7,31,37,16,49,47,75,30,65,3,19,26,64,48,8,63,32,79,46,76,6,2,35,66,22
2013-05-01,6,21,21,24,3,41,29,31,23,71,65,24,20,39,31,8,51,40,53,19,11,7,18,16,10,49,6,38,54,16,82,48,63,51,13,11,29,22,10,26,8,40,18,31,37,28,47,60,53,39,29,65,30,17,28,61,10,21,48,19,54,21,63,37,52,65,20,69,49,31,21,12,31,39,43,46,43,55,54,15,20,48,32,63,11,10,25,41,10,50,31,13,42,42,28,58,18,68,11,43,10,27,54,16,20,72,39,17,0,21,39,75,29,14,6,68,50,9,9,27,49,33,8,29,36,14,52,43,50,27,56,3,10,24,54,42,6,61,27,56,54,54,17,2,30,62,20
2013-06-01,5,13,20,28,4,43,33,15,15,70,66,22,18,38,42,8,48,33,51,10,10,7,17,12,10,34,8,36,45,11,76,37,56,50,12,12,19,19,10,22,6,41,19,27,33,26,58,56,55,37,36,68,27,17,26,55,8,20,66,11,45,12,66,32,48,58,18,70,56,25,13,11,30,25,28,39,42,42,51,14,23,31,31,54,12,9,0,27,11,44,26,10,37,37,14,72,19,45,9,32,10,34,53,17,8,69,38,4,8,19,28,72,21,15,18,48,38,7,9,23,36,30,2,27,31,13,21,39,26,24,37,3,10,22,46,27,7,59,18,40,49,36,12,2,28,67,18
2013-07-01,5,12,15,22,3,42,25,25,11,71,65,25,21,33,30,9,49,28,52,9,15,8,21,18,6,29,8,36,44,9,74,31,59,53,14,13,18,21,9,20,7,42,17,25,31,26,49,56,56,35,41,66,17,20,28,56,8,21,67,8,42,9,72,37,46,56,20,71,54,28,12,13,36,26,30,40,37,40,45,21,19,32,29,76,13,10,0,27,13,44,27,10,22,38,12,64,18,38,11,32,9,23,50,11,12,74,22,15,19,17,25,75,22,14,21,38,33,10,11,23,33,32,8,28,33,15,24,33,28,20,33,2,11,19,43,24,9,60,22,35,54,32,6,2,32,69,19
2013-08-01,6,13,67,22,3,41,28,18,11,69,65,18,18,31,25,8,47,28,52,8,12,7,22,10,8,31,8,39,43,10,74,32,59,48,13,11,19,23,6,18,6,39,18,32,34,26,47,58,59,41,41,72,28,11,28,56,5,21,60,11,43,10,68,32,44,49,17,72,52,16,9,13,38,25,22,32,36,38,38,17,24,23,25,61,12,10,0,29,12,48,28,8,24,38,8,66,21,40,11,31,12,23,52,12,0,71,35,10,4,15,35,74,22,16,11,32,28,9,9,23,31,31,6,28,32,15,22,38,19,21,30,3,6,17,40,29,8,57,20,28,55,29,0,3,33,69,18
2013-09-01,5,16,100,22,4,43,30,19,14,76,68,21,20,43,33,6,51,34,53,13,11,8,24,11,6,48,13,39,55,13,82,44,59,44,15,13,21,23,9,23,6,39,18,36,43,25,45,59,56,44,61,74,26,22,29,62,8,22,58,14,50,12,67,40,48,58,29,68,49,43,13,10,46,56,56,55,40,85,55,25,25,38,30,53,13,12,51,34,11,41,31,11,39,40,11,71,18,47,13,34,19,27,45,14,0,72,30,16,4,20,46,86,25,14,13,42,71,9,9,25,71,35,11,33,38,16,25,34,33,28,49,3,26,29,52,36,7,58,25,61,54,40,0,2,28,67,19
2013-10-01,6,16,17,27,3,41,26,17,16,77,65,26,19,47,39,7,51,27,58,5,11,8,21,16,4,48,17,40,61,14,90,49,61,44,15,11,27,24,10,23,6,39,19,30,43,25,44,63,60,38,53,67,33,31,30,59,8,22,54,13,54,10,64,39,51,66,26,68,45,41,15,11,36,70,89,56,45,87,70,21,19,42,44,73,12,12,0,44,11,39,31,15,47,41,16,63,15,51,13,47,19,32,45,15,11,68,37,14,14,20,38,86,31,12,17,62,91,7,7,24,84,85,16,33,39,14,29,45,58,35,66,3,32,27,59,46,8,58,24,82,50,60,11,2,27,67,19
2013-11-01,6,16,14,88,3,42,32,17,16,77,61,27,19,47,35,6,49,26,51,7,11,7,19,14,4,46,11,39,57,13,85,47,56,38,14,11,21,21,9,25,7,42,18,30,38,25,42,63,58,39,54,66,20,11,29,57,9,20,47,14,56,12,72,38,52,65,23,67,42,37,24,9,42,66,55,53,42,69,73,25,25,40,41,59,11,11,24,41,10,37,29,12,52,41,21,66,13,62,12,42,17,31,42,14,15,77,27,26,7,24,35,79,31,18,18,65,62,8,8,29,64,52,11,30,35,14,36,46,83,34,60,2,17,25,57,43,8,56,27,67,47,75,11,2,22,66,17
2013-12-01,5,14,13,43,3,41,28,17,15,74,64,23,15,38,41,7,45,20,48,5,8,6,16,7,4,40,6,40,48,12,74,37,53,41,12,9,23,19,9,19,6,42,17,28,35,24,38,59,52,38,56,61,25,11,28,50,6,19,40,11,51,10,83,32,47,53,24,65,36,38,24,8,35,49,43,39,37,59,54,22,16,36,40,65,11,9,0,36,9,39,28,12,53,38,18,69,13,61,10,33,14,24,43,10,0,66,25,5,7,23,33,74,31,14,16,50,49,6,6,24,48,35,4,26,31,13,53,37,58,29,52,2,12,20,48,35,7,49,20,45,56,61,11,1,28,72,18
2014-01-01,8,14,13,24,3,45,27,17,15,81,66,20,18,44,30,8,49,34,51,3,10,7,19,10,5,47,5,41,52,11,83,40,58,46,14,11,18,20,10,30,6,43,18,29,40,28,45,58,58,42,58,84,32,10,31,70,8,21,44,11,55,10,70,39,57,53,19,64,45,29,12,10,36,32,36,37,40,60,54,17,23,34,33,66,11,11,0,34,8,40,28,11,36,41,8,61,14,44,10,41,10,22,42,13,11,65,35,15,3,16,34,80,21,18,7,32,42,7,7,24,42,46,8,30,33,14,17,42,28,23,37,2,9,23,43,34,7,57,25,46,50,35,0,2,26,65,19
2014-02-01,7,16,12,22,3,43,28,18,17,83,60,20,19,50,34,9,51,39,53,10,10,8,19,9,9,51,11,45,63,12,86,50,62,41,14,10,34,23,9,25,6,48,18,30,40,34,43,57,53,89,57,75,34,16,30,64,6,22,46,12,57,13,68,41,59,64,22,66,43,34,16,10,30,52,72,65,45,76,60,26,19,44,54,74,9,10,0,39,6,52,32,12,44,43,19,63,13,49,12,40,12,30,45,19,4,67,38,14,4,20,36,80,26,23,14,47,72,6,6,24,71,47,15,33,35,13,31,46,39,32,53,2,33,26,62,44,7,60,28,83,46,47,0,2,31,66,21
2014-03-01,6,16,12,24,3,48,26,17,18,81,60,22,18,48,31,7,49,38,53,10,10,7,22,5,3,48,10,42,61,13,86,53,63,39,14,11,24,23,14,23,8,42,18,29,37,24,44,62,56,100,50,81,35,22,31,62,9,22,48,19,60,14,72,43,55,68,23,68,46,31,18,9,43,62,58,60,44,75,64,19,21,49,51,97,9,9,0,43,8,48,33,12,56,46,23,59,16,59,13,44,14,27,47,16,11,67,43,17,6,22,35,82,30,17,12,52,66,7,6,25,65,39,9,34,38,15,37,50,57,31,59,5,17,22,62,43,7,61,29,72,53,59,15,6,29,65,21
2014-04-01,6,16,11,27,3,43,26,26,19,79,63,18,17,49,38,7,49,30,52,9,9,7,19,8,9,47,4,43,60,13,84,51,61,35,13,11,29,21,11,22,7,41,19,30,38,24,44,59,52,55,44,71,32,18,29,60,7,23,49,16,58,17,69,42,51,65,19,68,42,36,30,11,41,56,40,54,46,67,75,24,20,47,68,92,13,7,0,46,7,46,31,12,59,45,29,61,14,70,13,44,17,31,39,14,15,69,36,18,7,26,36,80,39,14,11,78,54,6,6,26,52,32,10,32,37,13,68,42,73,31,73,4,15,25,66,48,7,61,27,74,53,79,0,2,33,68,20
2014-05-01,6,17,11,26,3,44,28,27,19,79,61,21,17,41,29,6,49,30,51,11,9,7,19,9,7,49,7,41,58,12,79,48,58,37,12,10,16,21,10,22,7,39,19,30,36,29,44,61,54,53,46,69,35,10,28,67,7,20,45,18,56,20,68,41,49,57,18,65,40,22,18,8,43,32,48,47,43,60,62,21,16,48,38,75,12,6,0,40,6,48,29,11,52,43,22,57,13,65,11,42,16,25,38,14,7,67,35,12,10,21,35,75,28,14,17,72,55,6,5,27,50,34,4,29,34,13,48,36,50,24,58,3,8,21,54,39,6,56,27,51,49,56,0,3,34,65,18
2014-06-01,16,14,11,23,13,54,94,20,16,74,62,22,18,44,29,6,49,30,56,9,10,8,17,10,6,40,8,39,50,10,73,38,58,40,13,12,30,24,9,20,6,40,22,30,49,27,46,55,63,66,44,74,34,22,30,56,8,19,44,14,49,13,69,33,45,50,30,67,41,23,12,11,56,28,36,47,42,48,35,23,23,36,25,89,10,8,0,32,9,40,30,10,45,40,12,64,15,44,10,37,12,27,39,8,0,73,34,12,11,16,33,72,19,9,8,42,40,8,8,23,41,30,3,30,33,15,18,40,31,24,40,2,13,19,45,30,7,55,22,41,50,40,0,2,27,66,16
2014-07-01,15,14,12,23,7,49,33,11,11,74,65,19,16,56,28,6,48,26,54,7,10,6,18,12,10,30,16,38,47,8,72,32,57,39,13,9,28,21,10,18,5,42,19,33,40,28,48,56,54,57,44,68,26,33,30,55,7,21,43,9,45,10,73,35,44,45,19,71,41,10,13,11,46,24,27,35,38,42,45,14,20,28,24,69,11,7,0,25,7,45,26,8,27,40,8,63,14,36,9,31,8,23,39,8,0,71,35,12,7,17,37,69,21,10,17,31,36,7,7,26,33,34,2,31,31,14,21,30,27,23,36,2,7,16,44,20,7,55,22,36,52,34,0,2,31,74,18
2014-08-01,54,14,14,23,12,46,29,17,10,72,64,15,17,40,27,6,49,36,53,5,12,6,19,9,8,31,6,38,46,8,72,35,55,35,13,10,18,19,6,16,5,40,19,35,33,28,44,57,54,49,43,74,28,19,28,50,6,20,40,8,44,9,72,31,42,47,12,72,40,17,8,8,34,29,22,35,37,45,48,15,18,31,24,73,8,8,0,28,8,40,26,6,29,39,4,65,13,38,9,35,8,29,36,12,4,68,33,7,11,14,39,71,18,9,14,32,29,7,8,24,32,28,8,29,32,15,16,26,23,24,34,2,9,17,40,26,7,53,16,33,62,24,0,2,21,70,19
2014-09-01,70,22,19,23,8,49,31,20,15,78,65,25,21,40,39,7,50,39,55,8,12,8,20,10,13,51,20,39,59,12,82,49,63,40,17,13,19,23,6,20,6,40,19,37,41,27,44,60,56,50,41,71,34,24,32,62,9,21,46,11,53,12,71,40,48,61,24,66,40,22,13,13,51,67,72,62,41,93,65,22,23,38,43,74,16,11,0,37,9,40,33,7,35,44,12,68,13,46,10,40,10,26,43,11,8,77,43,17,4,20,47,80,24,10,7,54,79,10,12,30,79,33,10,32,39,18,20,41,40,29,51,1,37,29,57,43,8,60,27,62,58,43,6,0,33,69,22
2014-10-01,42,19,14,29,5,43,27,19,29,80,74,21,34,44,26,10,51,37,52,11,23,18,20,13,7,52,14,39,62,13,86,49,66,41,31,32,38,29,12,22,7,41,20,33,39,25,41,58,56,44,41,76,30,12,43,61,7,21,50,14,56,11,73,40,52,60,28,66,42,60,17,21,47,63,79,66,48,91,68,31,29,46,57,59,22,24,0,39,27,46,37,10,45,44,20,61,12,50,13,43,15,46,46,13,11,70,44,17,13,21,42,86,30,14,28,75,94,24,27,31,90,38,14,34,44,30,27,37,62,37,64,3,29,35,62,49,17,61,26,81,53,69,5,4,39,66,25
2014-11-01,25,17,10,90,4,46,27,17,66,80,74,21,43,38,36,10,50,31,52,5,28,21,18,12,9,51,11,56,65,15,85,49,67,47,39,44,39,34,14,27,7,42,18,30,35,25,39,57,55,45,49,78,35,20,44,53,9,20,42,16,57,12,75,42,54,59,31,68,39,34,20,28,62,64,60,60,46,75,64,24,29,39,42,83,31,30,0,40,34,46,43,10,62,45,27,64,11,66,10,48,19,31,49,14,7,72,38,20,20,23,37,84,29,13,20,55,66,33,36,33,65,37,14,36,48,38,48,44,89,35,62,3,18,36,59,41,20,58,27,70,64,79,16,2,27,71,24
2014-12-01,21,22,9,42,4,49,25,15,55,73,89,29,76,40,22,16,48,17,53,7,59,45,18,20,9,40,5,48,55,13,77,39,68,43,81,87,54,45,16,27,7,41,19,27,35,24,35,56,57,49,43,80,29,20,68,58,4,18,38,25,52,11,89,37,48,54,55,66,37,22,26,71,75,42,40,53,41,64,39,27,52,39,44,96,61,67,0,36,76,50,59,8,48,47,22,65,12,62,7,41,8,29,50,15,4,69,33,20,54,23,32,74,29,16,68,57,47,74,77,35,47,41,6,36,63,76,49,38,63,32,55,4,14,42,50,35,43,55,31,50,56,58,5,5,26,74,31
2015-01-01,30,30,9,24,5,60,30,17,43,85,92,31,88,36,36,18,50,27,56,9,72,52,16,33,11,45,5,51,59,13,80,41,70,42,93,96,56,46,17,30,7,42,19,31,41,27,41,57,59,48,44,83,65,26,72,60,7,18,42,29,58,13,81,43,52,54,60,63,49,31,12,84,83,35,37,64,42,58,55,33,50,38,41,79,65,78,0,31,83,46,64,10,34,53,14,57,15,46,10,34,11,28,51,13,3,98,36,23,69,18,37,78,22,15,67,32,39,83,88,36,41,58,7,39,58,86,25,38,30,24,40,4,16,41,49,31,48,63,35,48,62,35,25,4,30,69,30
2015-02-01,63,24,12,22,5,54,28,19,31,85,88,32,82,40,46,16,50,40,75,5,74,39,19,52,7,50,9,50,65,12,86,50,69,38,79,78,62,34,12,23,6,39,19,34,40,24,41,55,54,48,42,78,70,33,63,54,8,19,47,21,59,13,77,47,53,71,52,68,50,32,14,87,76,55,63,67,45,89,73,33,41,39,44,72,55,65,24,40,74,46,52,9,32,50,18,57,15,51,10,46,11,30,46,17,4,76,43,30,55,22,43,82,28,16,75,48,69,80,83,31,71,55,19,38,47,76,23,33,37,33,59,3,28,44,68,45,38,71,34,83,68,46,22,2,36,68,29
2015-03-01,33,22,10,23,4,55,39,18,25,87,79,26,63,34,31,14,48,31,56,12,61,26,18,46,5,46,18,40,64,13,84,51,63,38,55,54,60,32,11,18,5,39,20,33,41,25,43,57,64,47,38,82,58,16,52,57,6,20,50,18,59,13,73,41,49,75,43,67,51,26,20,66,65,62,57,72,46,78,73,26,37,37,50,91,42,45,0,42,53,49,44,10,58,49,22,56,16,63,11,43,14,33,46,13,0,80,34,22,37,25,42,78,29,11,61,59,66,52,55,33,66,41,9,37,41,52,39,40,55,33,58,5,18,32,70,38,28,71,26,82,72,64,0,6,33,68,25
2015-04-01,24,21,9,27,4,49,40,27,26,83,72,24,52,36,33,12,48,26,54,7,51,20,19,42,7,44,7,39,63,13,81,51,62,36,46,43,51,25,11,17,5,39,20,33,40,24,45,59,49,44,33,79,69,19,47,59,6,19,47,21,58,18,75,41,49,75,31,71,49,30,29,50,57,55,47,72,45,77,69,29,34,44,56,88,34,38,0,45,45,49,41,11,63,51,20,57,15,72,11,47,11,30,44,16,7,80,40,24,19,27,43,77,36,15,40,68,59,40,44,32,56,35,10,39,39,48,68,30,73,35,73,3,17,32,69,49,24,72,33,76,60,80,15,3,48,64,26
2015-05-01,23,19,10,24,4,50,31,29,26,77,69,19,45,35,23,10,45,35,52,8,40,17,17,41,10,45,5,39,61,12,78,46,56,32,40,38,34,23,10,17,5,38,20,30,37,30,54,59,50,46,33,81,46,14,41,61,7,19,45,20,54,21,76,38,46,67,32,69,48,28,22,40,49,42,38,48,42,63,54,20,24,42,45,89,23,31,0,44,37,47,38,7,52,48,23,55,15,66,11,41,12,24,38,11,10,77,33,12,18,22,38,71,31,10,24,65,51,38,39,27,50,30,11,32,38,40,56,37,50,28,60,2,10,24,62,35,15,68,24,55,58,63,5,2,32,62,20
2015-06-01,25,20,10,26,4,50,28,16,27,76,66,19,37,34,32,9,45,33,53,7,30,13,18,19,10,35,13,37,54,10,74,36,53,33,33,28,35,21,8,16,5,42,20,27,36,30,45,59,51,41,31,71,45,26,38,53,7,19,43,14,47,12,77,34,45,54,22,70,44,37,13,28,52,30,32,44,40,50,46,19,25,31,27,74,21,25,0,30,29,45,30,8,38,43,13,63,17,40,8,32,13,25,40,8,0,76,35,13,13,19,28,68,23,12,21,43,37,29,28,32,39,29,3,29,33,34,25,28,34,24,46,2,17,25,50,34,13,64,16,42,67,38,10,1,40,64,20
2015-07-01,24,17,10,25,3,44,44,12,14,76,70,23,45,34,26,11,43,29,54,5,45,17,15,23,3,26,0,36,57,12,71,31,57,51,39,36,29,20,9,13,4,41,22,25,33,27,46,60,53,40,31,75,59,35,46,54,7,18,41,11,43,8,78,30,43,54,31,75,46,19,12,41,62,37,19,32,39,45,53,18,30,27,25,75,24,35,0,26,40,51,34,7,36,42,13,58,18,36,7,30,6,27,49,10,0,75,28,21,21,19,28,65,22,10,37,43,31,37,39,31,32,31,4,30,32,43,21,25,29,24,42,2,11,25,46,27,19,65,20,33,73,38,5,2,31,62,26
2015-08-01,19,15,10,23,3,47,37,16,21,76,79,27,64,37,32,13,46,30,62,10,70,31,16,36,3,28,3,39,53,13,73,36,61,53,63,60,28,26,11,14,4,39,20,29,35,27,43,71,54,38,32,76,57,21,67,55,10,18,40,14,45,9,82,32,43,57,31,77,46,14,12,56,85,33,29,37,42,49,48,21,48,28,28,65,38,55,0,27,63,42,39,7,28,46,6,59,17,41,8,35,14,44,53,9,0,76,39,19,36,17,34,65,23,12,71,32,34,58,63,29,33,35,6,34,38,63,17,21,26,23,41,3,9,32,45,27,31,64,20,33,68,31,0,1,32,62,31
2015-09-01,22,17,46,24,4,46,39,20,23,83,73,20,52,31,32,11,45,38,53,7,49,22,17,33,8,45,14,39,63,17,80,48,65,38,50,46,38,26,7,15,4,41,22,35,45,26,43,61,53,47,33,70,35,25,54,59,7,18,44,14,52,11,78,38,45,88,38,72,55,30,21,40,62,61,68,60,44,90,60,18,45,42,32,63,32,43,0,36,47,43,41,9,40,49,12,73,15,47,10,40,14,44,46,11,3,99,33,25,45,26,46,73,31,13,47,38,78,45,48,31,76,33,10,36,38,49,22,33,40,27,63,3,31,36,67,36,23,76,21,63,67,43,5,2,29,71,32
2015-10-01,20,18,35,30,4,47,31,21,24,86,68,23,44,34,33,10,45,41,51,12,39,16,17,30,4,46,18,38,66,14,86,49,62,35,39,31,31,22,10,24,5,43,20,33,42,26,39,62,54,61,34,79,43,19,48,59,6,18,45,15,53,10,78,36,50,69,35,69,46,32,18,45,53,81,94,62,45,94,59,27,35,49,43,77,27,34,0,38,35,39,35,10,48,50,20,54,13,48,11,46,20,34,42,10,0,80,37,25,23,22,43,78,30,11,40,56,98,37,37,31,96,33,8,36,36,42,28,26,61,38,96,5,31,34,69,39,19,72,22,89,65,69,13,5,29,64,28
2015-11-01,100,53,51,100,5,48,29,20,26,88,66,19,42,32,32,10,42,30,48,8,38,16,16,30,3,46,14,43,65,14,83,49,59,38,37,32,31,24,11,19,5,43,21,37,41,26,38,59,52,69,37,79,49,9,46,55,6,18,41,18,55,14,81,40,49,71,31,70,46,34,27,44,51,64,61,65,42,80,76,22,34,48,52,82,30,31,0,43,34,43,38,9,66,48,28,61,12,60,9,46,16,27,43,10,0,80,25,19,15,28,52,76,31,17,33,68,66,34,35,30,65,29,5,36,36,40,55,32,86,37,79,3,20,33,69,46,20,68,29,73,75,85,23,2,25,69,27
2015-12-01,40,35,31,44,4,48,29,18,48,86,85,24,60,28,30,14,40,29,48,7,62,27,14,46,0,36,9,42,55,13,73,38,56,39,56,52,27,29,11,16,5,42,20,29,38,25,35,59,49,53,37,76,63,15,57,48,5,16,36,17,52,12,94,34,45,86,41,67,54,24,39,61,64,46,42,45,39,67,61,23,38,36,32,72,42,48,0,35,56,43,48,7,57,47,23,62,12,61,9,44,10,25,49,11,6,83,33,19,50,36,39,69,41,12,57,55,47,56,59,31,52,32,7,31,42,58,57,29,64,28,77,3,13,30,64,36,26,76,24,52,66,63,5,3,28,72,28
2016-01-01,26,25,19,24,4,49,49,24,42,95,96,20,96,31,32,19,43,37,52,9,100,54,15,42,11,43,9,37,61,17,77,45,64,37,95,86,54,42,15,22,6,41,20,30,42,27,40,60,64,47,42,87,77,40,100,61,8,16,40,27,51,15,82,36,44,59,58,65,46,30,14,100,100,51,38,70,42,66,60,25,100,37,27,76,65,81,0,36,86,39,56,6,39,53,12,54,13,46,6,43,17,43,50,8,10,93,35,34,93,20,40,71,26,14,92,36,41,97,100,36,42,42,10,42,56,99,28,34,34,24,73,3,19,48,56,29,51,66,34,55,69,35,23,4,30,67,43
2016-02-01,17,23,27,23,4,45,34,22,51,98,85,29,87,38,25,18,44,41,54,12,95,37,17,41,7,50,7,38,69,18,82,57,72,41,77,68,65,42,12,16,5,41,21,32,40,25,40,59,51,50,36,93,65,28,83,56,10,18,49,25,56,14,79,42,46,83,54,68,55,40,19,94,98,77,87,78,50,93,100,29,72,48,39,74,52,68,0,41,63,54,53,11,57,54,20,54,14,55,9,48,16,43,58,12,3,85,44,30,100,24,44,77,30,17,100,64,83,86,89,35,83,48,13,43,56,86,38,39,44,31,100,3,48,50,84,38,46,77,36,99,74,63,10,2,42,64,46
2016-03-01,21,29,20,27,4,51,32,18,31,91,85,17,72,36,35,13,43,44,54,9,79,28,17,44,6,44,14,37,66,15,80,57,65,35,66,56,44,32,13,14,4,42,21,30,39,25,40,58,54,47,33,79,55,22,65,55,7,18,47,22,55,14,77,40,44,78,40,70,46,41,22,85,78,82,60,73,47,84,80,23,42,52,51,100,47,54,0,49,51,58,44,7,67,48,29,56,13,62,9,49,13,37,51,10,3,75,45,24,73,25,41,73,32,16,69,72,67,70,75,30,63,40,10,35,42,72,42,39,62,32,84,3,25,40,82,42,34,74,26,90,71,77,5,2,38,66,36
2016-04-01,16,24,16,25,3,44,30,28,43,92,79,22,64,32,34,13,42,42,55,12,66,23,17,34,6,43,6,39,66,17,80,58,66,33,55,45,50,34,13,13,5,40,23,30,38,27,41,63,49,46,30,84,66,18,61,56,10,19,44,24,58,18,80,39,44,86,38,73,49,29,36,75,67,86,52,88,49,83,94,17,46,60,35,98,37,46,0,51,48,57,43,8,77,50,32,55,13,80,9,50,26,34,52,12,7,79,35,27,67,32,42,75,45,16,66,100,65,58,62,32,61,35,14,37,46,63,95,41,86,35,92,3,21,38,91,44,30,78,31,93,78,90,5,3,39,67,35
2016-05-01,15,22,16,25,4,43,30,30,28,87,75,21,57,38,26,11,42,42,57,7,54,19,16,46,6,44,9,37,61,15,76,52,63,33,49,42,50,27,13,30,4,41,21,29,38,30,58,59,53,50,29,86,56,42,51,58,7,18,45,22,53,21,77,36,45,75,28,70,48,39,25,65,60,57,48,69,45,70,71,22,34,49,42,86,29,39,0,46,43,51,37,9,63,47,23,52,13,71,8,46,18,29,51,8,10,74,37,21,54,24,39,69,35,11,48,76,60,51,56,32,57,33,12,37,40,58,55,36,56,29,82,2,12,32,69,39,21,74,25,64,78,69,9,2,35,67,33
2016-06-01,20,27,15,31,3,44,27,16,25,82,75,21,51,32,27,11,40,35,54,11,47,17,12,32,3,30,11,35,61,15,67,39,60,41,45,37,31,20,11,10,4,41,20,24,36,32,42,56,52,71,29,86,54,14,49,50,8,16,43,14,45,11,78,33,42,60,25,69,46,28,11,53,69,39,31,45,51,52,53,13,35,34,29,75,33,37,0,31,40,49,30,9,47,42,17,58,21,47,6,36,20,36,61,6,7,74,34,21,43,19,29,65,23,13,40,58,44,46,52,26,41,31,5,29,32,52,26,23,35,25,58,3,23,30,56,29,21,67,15,47,69,43,10,3,33,62,41
2016-07-01,22,30,16,44,4,41,27,12,12,78,73,28,43,18,28,10,36,32,51,5,39,12,13,46,7,23,7,32,49,11,63,32,55,40,36,28,31,16,7,9,3,44,21,23,30,30,41,59,52,47,28,77,37,21,43,41,7,16,36,9,40,9,83,26,39,52,22,74,44,24,9,48,67,35,24,35,37,42,45,11,27,25,13,62,20,30,0,26,33,40,29,6,37,39,6,55,17,37,8,28,15,27,66,5,3,88,35,16,48,17,26,59,21,8,44,42,29,39,41,24,29,27,2,29,29,45,26,27,24,31,46,2,14,18,51,25,19,65,13,37,71,33,0,2,26,65,35
2016-08-01,15,20,20,23,4,47,35,14,20,84,79,18,47,19,27,9,38,34,53,4,44,14,13,43,3,27,7,39,49,11,66,37,56,35,39,31,39,17,8,7,3,42,21,26,38,30,39,61,55,49,27,76,38,10,44,43,5,15,35,10,42,8,73,29,37,53,28,76,48,15,10,46,64,25,27,37,38,47,42,16,32,27,23,56,26,32,0,27,32,38,27,7,31,39,4,58,14,41,8,36,12,22,53,3,11,75,43,17,45,16,27,59,19,12,42,25,31,45,47,23,30,28,8,32,29,47,23,30,25,38,41,2,13,20,51,24,17,71,14,33,71,23,10,3,28,63,28
2016-09-01,14,26,21,22,4,44,29,18,40,88,74,19,46,28,28,9,39,38,54,10,40,14,15,44,7,42,12,77,61,17,77,50,60,34,37,30,30,25,10,9,4,40,21,28,43,26,39,61,50,50,29,85,43,35,43,54,7,16,41,12,49,10,78,33,40,70,36,71,45,16,13,35,73,55,74,58,41,96,61,20,33,34,29,59,23,29,0,36,25,46,36,7,36,45,15,66,12,46,8,41,15,32,54,7,3,77,41,25,41,22,36,73,26,11,35,45,79,41,42,28,83,27,8,34,33,46,21,33,34,33,59,2,39,36,72,33,18,72,23,70,78,40,10,1,24,66,31
2016-10-01,14,24,26,28,5,45,31,17,33,91,71,19,44,25,29,8,40,33,54,12,37,13,15,34,6,42,13,59,73,17,79,54,60,38,37,31,40,21,8,10,4,39,21,29,39,25,37,61,50,72,31,79,35,16,41,52,4,18,42,13,53,10,78,33,44,77,35,68,45,41,16,39,64,77,92,71,44,92,76,20,31,42,38,54,25,30,0,39,26,44,33,10,59,46,26,59,12,55,8,49,19,36,51,10,3,79,41,21,33,24,38,73,28,12,28,75,98,41,43,29,90,29,14,33,37,46,33,34,66,36,77,2,28,33,79,40,16,73,25,85,71,59,0,1,25,67,30
2016-11-01,13,23,20,93,4,45,28,16,70,94,68,17,45,27,28,9,41,38,53,9,39,13,14,27,5,43,13,100,74,19,80,54,60,50,37,28,43,24,10,13,5,47,22,28,42,26,36,60,53,57,36,81,60,25,49,54,9,18,39,15,59,13,82,38,46,85,35,66,54,32,26,36,66,81,63,53,49,86,81,25,34,42,48,72,28,31,0,43,29,42,45,8,66,46,21,100,14,67,8,49,21,39,65,9,0,72,100,22,42,29,37,71,42,13,43,63,67,37,39,28,64,28,6,30,34,46,63,35,88,31,72,2,16,31,81,41,21,78,28,81,74,86,14,3,29,91,42
2016-12-01,13,21,31,45,3,47,29,17,46,93,76,20,45,27,22,8,37,34,49,7,42,14,13,25,3,34,11,73,63,15,72,43,55,45,39,31,40,26,10,12,4,44,21,26,36,25,33,60,49,61,40,81,45,20,45,51,7,15,33,12,52,11,96,34,43,86,29,69,51,36,36,40,76,69,44,59,40,70,69,20,26,42,43,72,24,32,0,40,29,37,38,8,66,44,29,63,10,74,6,38,21,29,56,6,13,74,49,15,41,33,35,64,38,8,38,59,52,42,45,28,53,27,10,33,36,47,66,30,69,31,69,3,10,26,72,35,20,75,28,60,77,69,0,2,30,72,31
2017-01-01,13,24,16,25,4,53,31,19,26,97,73,20,38,24,29,8,41,54,53,6,32,13,16,27,4,42,15,76,66,14,78,45,59,41,33,27,26,22,10,18,4,44,21,29,41,29,39,61,57,57,40,89,45,23,39,61,5,16,38,13,53,11,80,38,45,61,28,66,54,21,15,30,62,59,36,48,41,65,55,21,23,41,24,69,17,25,0,36,21,43,40,8,35,50,13,60,11,44,6,39,20,27,57,7,9,79,64,17,36,22,38,69,37,14,20,39,46,33,34,29,45,28,10,31,33,41,21,30,33,29,50,2,23,28,63,30,12,82,21,55,75,38,4,3,26,70,29
2017-02-01,11,29,16,22,4,46,36,20,25,98,69,20,35,34,27,7,42,43,55,11,27,11,17,23,3,50,8,61,75,15,83,55,63,37,29,23,35,23,10,12,4,41,21,30,48,25,38,60,55,53,35,94,42,29,41,63,7,19,44,12,57,12,82,42,47,85,31,68,51,35,17,24,65,76,75,82,47,100,97,24,25,44,37,66,18,21,0,44,19,46,36,8,58,49,19,57,10,56,10,48,22,34,61,10,7,74,80,15,18,28,41,75,45,21,34,74,88,27,29,30,85,35,14,33,35,36,31,43,46,35,72,2,47,33,94,37,12,87,24,100,78,65,5,2,30,65,32
2017-03-01,11,26,17,24,4,55,28,19,27,95,66,17,38,35,38,7,42,45,55,12,32,12,17,33,6,49,8,52,75,15,85,60,66,37,31,24,44,23,12,15,4,42,22,29,82,27,40,61,63,59,31,93,38,20,43,65,7,20,45,15,61,13,83,37,47,100,32,70,56,33,31,28,79,90,66,67,49,92,86,26,30,52,38,83,25,24,0,50,23,49,37,11,81,52,30,57,12,67,12,53,25,41,60,8,15,76,67,20,35,37,39,73,48,11,30,79,79,30,32,31,76,31,14,36,37,39,61,37,70,36,75,4,31,34,100,41,16,94,26,97,77,79,4,2,37,66,33
2017-04-01,13,25,89,28,4,46,30,28,26,94,66,15,35,29,28,6,39,37,55,11,27,11,15,38,3,39,9,43,68,15,77,55,62,35,29,23,34,22,12,12,4,41,22,30,74,26,38,65,49,87,30,94,40,17,41,61,6,19,39,18,58,19,85,35,43,82,31,71,48,55,37,34,73,100,50,66,47,83,91,19,28,49,41,82,21,21,0,54,21,53,36,8,100,49,34,57,12,76,9,51,24,31,57,9,3,70,54,23,31,36,42,70,51,19,27,73,62,28,28,30,59,31,8,35,35,35,100,38,90,30,85,3,16,31,96,44,14,87,26,91,74,100,4,3,39,70,29
2017-05-01,14,30,16,23,3,45,31,30,36,86,64,20,37,31,25,7,40,35,55,11,32,11,15,28,6,43,4,42,68,14,77,50,61,33,27,21,32,20,9,11,3,41,22,30,59,29,39,59,50,57,29,92,56,25,38,65,7,17,40,16,55,21,81,36,45,67,29,73,45,33,24,34,64,53,45,56,48,71,71,20,23,39,35,84,19,21,0,46,20,49,33,8,63,48,25,53,11,75,7,54,16,33,56,6,0,100,46,22,45,25,45,66,36,14,37,77,53,31,31,28,55,28,9,32,33,37,81,26,60,29,74,4,17,26,73,36,15,79,20,70,83,73,18,4,35,61,33
2017-06-01,15,36,18,22,3,100,33,19,20,79,68,19,38,30,29,7,39,36,53,4,37,11,14,38,3,30,16,40,60,12,71,37,56,35,28,23,23,20,10,10,3,42,21,26,35,31,42,57,52,62,27,80,40,31,40,57,6,17,38,12,47,11,86,27,42,52,27,73,45,14,16,34,69,37,34,34,40,50,49,13,25,27,19,74,17,23,0,28,22,48,29,5,44,43,11,56,12,42,8,36,13,27,51,8,6,94,50,13,24,24,30,60,24,10,33,45,41,33,35,27,41,29,5,31,30,38,26,29,27,24,45,3,17,24,58,23,15,76,17,44,82,39,0,3,29,58,31
2017-07-01,10,18,14,23,3,58,26,13,17,79,65,15,33,37,29,6,39,23,52,8,32,10,13,33,3,24,3,39,53,10,67,32,56,34,26,18,31,19,8,8,3,44,22,22,32,29,42,65,51,51,26,87,55,42,38,51,7,16,37,8,45,8,92,29,39,49,27,77,46,17,12,29,72,37,25,34,39,46,50,14,21,26,28,62,20,20,0,26,21,52,27,5,37,42,9,52,11,34,8,34,12,27,51,6,0,69,42,12,33,22,22,65,25,9,33,41,31,28,29,26,31,27,5,30,28,37,33,24,28,21,41,2,17,21,53,24,13,80,16,39,85,36,14,2,29,64,30
2017-08-01,10,23,12,22,3,52,26,15,16,80,62,23,32,23,24,6,39,29,59,9,29,10,13,42,3,27,9,41,53,9,69,35,56,35,25,19,32,17,8,7,3,42,22,23,37,28,40,65,52,46,27,95,41,21,38,48,9,15,34,8,43,9,86,24,40,43,24,79,44,13,11,25,53,29,25,38,41,45,37,20,21,27,22,62,17,20,0,28,19,41,27,5,36,41,9,57,11,36,6,33,10,24,58,6,3,71,38,13,14,20,24,61,23,11,17,30,28,27,28,25,34,31,2,28,27,36,22,30,22,21,40,3,12,17,50,28,13,73,17,33,82,24,9,3,26,60,35
2017-09-01,8,20,15,24,3,48,29,17,17,87,61,22,33,26,34,6,39,44,57,6,29,12,14,19,3,42,5,39,70,12,79,46,61,35,27,24,21,18,9,8,3,41,23,26,51,27,38,62,61,49,30,98,62,28,40,59,10,17,40,12,51,9,88,31,43,65,33,75,46,22,10,23,83,60,70,74,44,93,62,15,23,34,37,64,19,19,0,35,16,39,31,8,49,47,13,70,11,40,7,40,16,25,59,5,13,76,56,24,17,25,31,72,28,8,29,37,78,30,32,25,83,28,8,36,31,38,32,28,33,29,60,3,37,37,75,34,14,82,19,60,88,45,0,2,25,68,35
2017-10-01,11,31,18,29,3,48,30,31,19,91,61,19,30,24,33,6,41,37,54,11,26,10,15,24,6,43,9,39,74,13,85,51,60,35,25,19,30,21,8,9,3,42,22,26,53,26,38,60,58,52,30,96,43,20,39,59,8,17,43,12,56,10,89,34,46,82,29,72,50,32,17,28,61,91,100,67,48,99,84,16,26,38,44,55,16,17,0,38,14,40,28,9,70,45,25,58,9,50,10,45,18,37,51,6,0,72,57,25,27,29,33,73,31,15,24,64,100,24,26,27,100,33,12,32,30,35,32,28,70,34,80,2,38,34,92,39,13,86,22,99,87,72,0,2,28,63,33
2017-11-01,9,25,13,98,4,51,34,18,27,96,64,21,36,27,28,7,40,36,54,13,31,14,16,24,6,43,9,50,73,14,83,54,63,33,31,24,28,20,8,11,4,48,22,28,41,28,36,64,58,54,34,99,45,21,45,60,7,18,41,15,59,11,91,34,50,81,33,74,50,25,29,32,78,94,63,67,54,82,81,13,24,50,59,78,18,20,0,47,16,50,31,8,80,47,29,63,9,64,10,48,18,32,55,7,12,100,62,14,14,33,36,71,40,14,29,74,67,33,36,28,72,29,6,32,33,45,79,35,100,34,78,2,19,32,90,43,12,89,23,82,94,89,4,2,25,69,42
2017-12-01,7,18,11,43,3,50,32,16,17,88,62,14,28,27,26,6,36,30,51,10,25,10,13,15,12,35,4,43,62,12,72,42,58,38,24,18,16,17,7,9,4,46,22,26,36,28,32,58,55,52,37,91,46,19,39,53,4,14,33,11,53,9,100,25,48,61,22,71,43,24,31,23,57,56,46,50,51,70,61,13,23,41,31,66,13,17,0,39,14,43,28,6,73,45,24,60,9,65,6,37,15,33,64,6,3,78,50,14,36,36,32,64,34,9,27,58,47,26,26,26,56,28,7,33,27,37,72,26,61,28,67,1,12,23,70,38,10,78,19,59,89,69,9,1,27,71,100
2018-01-01,6,15,11,26,3,55,51,14,16,88,65,23,35,22,41,7,39,38,55,8,32,13,12,12,6,35,16,38,61,11,74,37,59,37,30,24,32,18,9,9,4,47,25,24,41,35,38,61,57,46,43,100,47,22,43,58,5,14,34,10,54,9,89,26,55,46,22,70,49,40,14,28,81,36,36,38,50,54,44,17,23,31,19,67,20,23,0,31,16,42,31,5,28,45,8,54,9,40,6,33,15,30,63,5,0,72,58,15,31,25,29,65,22,13,27,40,38,36,39,27,43,36,4,31,29,46,20,29,32,25,44,1,11,17,52,28,15,83,21,37,100,30,7,1,27,64,59
