date,natural gas,the interest rates,world crude,supply,interest rates,endogenous variables,federal funds rate,real oil price,share of oil,marginal production cost,income elasticity,the oil supply,volatility,demand and supply,production levels,barrels per day,oil markets,world economic growth,impulse response function,var model,crude oil futures,oil prices,Government Policy,crude oil prices,oil shock,us oil,american economic review,exchange and interest,the oil,demand shock,US,exchange rates,monetary policy,bureau of economic,global production,market uncertainty,market volatility,spot price,energy information administration,spr release,saudi arabia,private stocks,crude oil supply,wti futures price,funds rate,the middle east,demand,federal funds,impulse responses,wti futures,supply shock,price elasticity,crude oil price,crude price,oil consumption,elasticity of demand,Energy Prices,scarcity rent,oil supply,oil production,oil price,that monetary policy,natural gas production,marginal revenue,multipliers,the regression,strategic petroleum,gasoline demand,oil demand,the interest rate,impulse response,oil futures,interest rate,barrels of oil,real gdp,oil price change,run demand,chinese oil consumption,strategic petroleum reserve,Oil Shocks,us real,futures price,Isis,terrorism,Syria,Turkey,Iraq,Qatar,Iran,persian gulf,opec,blending,brent,crack spread,crude oil,liquefied natural gas,liquefied petroleum gas,nymex,petroleum,refined products,refinery,residual fuel oil,wti,oil barrel,petroleum industry,crude inventories,lease condensate,hydrocarbons,pentanes,pipeline,GDP,recession,energy,economic growth,commodity,price of gold,price of oil,price of crude,oil volatility,oil producers,oil exporter,oil sands,peak oil,Canada,Japan,Middle East,South America,Norway,Alberta,China,Australia,Russia,Arctic,oil rich,CAD/USD,CAD/JPY,oil market,cost per gallon,refining capacity,fuel efficiency,oil crisis,inflation,Gulf War,store oil,oil transportation
2017-10-01,38,43,56,69,30,49,19,19,26,0,63,57,37,59,36,100,100,41,34,19,24,42,40,47,55,36,16,11,85,23,70,62,28,27,14,24,43,37,0,0,38,23,0,52,24,48,88,28,0,48,25,72,25,23,59,78,40,0,69,56,36,10,28,27,21,45,0,93,33,58,25,31,42,31,66,51,47,0,0,38,63,4,28,12,20,4,26,85,25,5,9,76,75,0,28,23,100,20,57,29,52,0,15,40,41,0,0,39,0,15,60,61,57,67,37,52,44,37,47,25,24,39,46,61,81,56,24,61,61,81,100,41,64,30,0,0,38,45,0,62,18,52,39,78,0
2017-10-02,65,46,16,93,33,43,28,41,23,13,100,29,74,96,40,67,38,45,30,39,21,74,61,72,40,80,56,25,88,40,83,93,42,40,54,62,66,65,20,0,36,0,26,0,25,84,94,38,25,62,22,80,38,41,61,98,71,0,81,53,60,9,37,46,51,66,0,82,47,67,78,77,51,17,61,60,44,0,0,17,77,8,100,100,20,4,26,81,25,11,11,79,80,0,51,20,67,43,90,25,73,0,72,29,36,0,0,89,89,28,72,71,89,74,65,66,66,50,31,23,31,58,66,69,77,73,29,68,93,81,65,41,69,72,0,0,58,61,30,63,32,70,55,68,30
2017-10-03,67,69,33,93,36,43,32,41,31,65,74,36,82,100,72,66,63,40,30,28,41,60,69,64,24,70,0,40,97,40,85,87,34,56,58,41,75,62,79,0,35,39,0,46,37,77,100,35,100,41,67,100,57,52,100,100,55,49,67,85,62,9,25,58,62,70,97,74,58,67,44,55,61,44,84,78,41,0,0,33,82,8,62,76,22,4,28,85,26,9,15,77,80,39,65,0,66,65,93,63,77,0,62,51,43,95,0,66,0,29,73,88,93,75,90,67,59,44,21,45,21,87,74,65,79,80,34,67,88,83,67,43,67,57,100,0,60,94,0,93,55,71,75,66,40
2017-10-04,69,43,49,93,37,0,19,49,42,39,68,22,81,100,24,44,100,49,44,44,52,58,73,51,56,57,28,35,85,81,81,83,49,48,29,0,65,75,39,0,33,20,0,0,41,72,93,45,25,21,22,80,55,56,85,84,75,49,69,79,61,5,49,35,76,66,48,57,40,64,72,54,58,16,54,60,38,92,0,66,70,9,40,35,25,4,26,84,27,8,17,90,75,38,58,40,66,100,88,38,80,50,67,62,100,32,0,83,0,27,81,93,93,73,83,70,58,71,52,67,42,68,49,66,77,72,34,67,76,84,65,45,66,41,0,0,36,86,0,37,39,73,54,50,29
2017-10-05,73,42,25,94,32,22,17,50,31,66,84,37,99,93,65,22,26,72,0,17,21,61,71,52,25,81,100,31,85,20,83,89,45,65,59,0,77,72,60,0,37,80,53,47,37,68,93,32,76,21,0,79,43,44,73,98,76,0,71,79,60,14,75,52,70,68,66,83,59,64,40,78,54,22,87,67,23,0,0,34,73,9,35,25,63,4,30,82,29,14,19,89,76,98,61,41,45,53,88,0,76,0,58,40,66,32,0,74,0,34,83,82,93,82,93,68,60,34,42,69,0,43,75,67,78,69,48,76,76,84,71,49,60,58,51,0,72,68,0,30,32,75,80,57,30
2017-10-06,75,36,34,89,32,22,22,25,35,27,59,30,69,79,66,46,39,65,31,46,32,50,53,61,41,64,14,26,82,0,81,76,43,16,51,21,29,72,41,0,32,61,54,0,49,67,86,30,0,21,46,76,40,44,66,74,63,51,60,66,55,5,25,12,34,57,100,59,54,47,23,62,49,23,54,49,40,0,100,52,83,10,32,17,28,5,24,70,31,9,12,73,76,0,53,41,23,63,83,52,66,0,59,35,30,0,0,48,0,29,63,68,82,72,83,58,59,34,21,35,22,49,51,62,87,63,86,72,69,85,62,51,64,64,52,83,59,55,31,91,24,64,65,68,20
2017-10-07,39,29,38,82,28,25,15,19,31,15,38,17,41,54,55,0,29,10,17,51,0,35,29,28,37,48,16,41,84,0,80,53,26,55,33,24,33,63,0,0,34,0,60,0,24,27,75,31,58,0,26,53,25,19,47,67,33,0,55,49,36,16,14,14,25,42,37,47,27,40,26,25,46,25,40,65,44,0,0,77,80,4,32,14,23,7,23,79,28,9,7,53,62,45,33,0,0,15,59,0,56,0,20,22,25,0,0,49,0,16,51,40,53,56,41,72,22,32,24,26,0,52,19,58,96,46,36,66,56,87,90,49,65,48,29,0,58,46,0,58,9,50,39,71,11
2017-10-08,40,35,28,79,28,25,17,19,35,52,42,8,43,66,64,25,44,51,34,51,24,24,32,20,9,60,32,29,83,23,79,54,30,27,52,24,65,43,0,0,36,45,60,52,44,49,89,29,29,0,38,53,19,17,68,64,60,0,61,73,34,5,28,31,25,45,0,38,47,63,32,25,43,25,67,64,35,0,0,58,66,6,30,13,26,10,28,91,29,6,9,57,63,22,30,0,25,20,67,29,61,0,19,28,41,0,0,51,0,16,56,67,62,50,48,57,32,44,48,52,24,67,47,60,99,62,39,100,56,96,69,52,65,36,29,0,49,31,35,58,18,59,51,68,23
2017-10-09,69,47,24,94,35,0,23,41,38,32,55,29,68,75,71,22,50,58,30,33,31,54,59,46,72,65,14,20,90,40,78,89,39,8,66,0,46,79,20,0,34,39,26,0,45,58,100,35,49,21,0,85,47,43,66,78,66,49,72,88,57,14,37,42,90,79,32,73,52,54,49,92,53,27,65,64,41,0,0,33,80,8,28,14,29,8,27,88,30,7,17,85,75,0,62,60,44,43,83,38,74,0,67,36,43,0,0,64,0,28,67,70,90,90,81,67,59,22,62,67,0,42,40,60,77,71,42,70,54,84,67,51,65,36,0,0,69,66,59,50,31,75,56,65,29
2017-10-10,69,52,16,94,35,21,29,49,60,57,65,35,92,84,70,43,12,40,15,60,10,63,63,58,71,80,27,34,93,100,78,81,43,8,70,0,46,64,39,92,35,78,0,45,52,85,98,57,49,0,55,76,43,40,63,95,88,0,63,72,60,18,48,40,64,74,64,89,46,75,44,70,55,32,67,42,38,0,32,49,75,7,28,15,100,5,26,85,36,7,16,80,72,0,51,40,0,47,93,100,79,0,61,56,49,0,0,100,0,28,76,92,95,80,89,65,64,65,0,66,20,85,16,68,78,74,61,72,75,83,95,56,69,92,98,0,56,72,0,70,54,75,52,58,19
2017-10-11,63,50,40,92,36,21,15,57,34,51,90,21,81,72,71,22,87,44,29,39,41,57,53,73,40,65,14,25,93,61,88,82,38,8,41,21,74,62,98,0,34,20,77,0,45,55,95,33,74,41,77,88,50,47,67,94,86,49,63,74,61,18,61,37,65,79,64,49,57,68,49,60,55,11,80,78,41,0,0,66,72,11,27,13,27,4,29,87,34,7,15,87,71,19,66,100,65,65,97,88,83,0,67,46,36,32,0,62,0,28,73,70,95,73,88,70,61,32,31,11,21,73,48,69,79,70,100,62,79,82,68,66,67,93,25,0,66,86,30,83,86,73,56,57,20
2017-10-12,62,57,42,98,35,44,37,33,47,33,71,44,87,91,73,45,26,100,61,57,32,60,64,60,74,79,71,41,92,21,80,76,53,49,63,42,38,77,20,0,34,40,0,47,54,77,97,53,51,42,34,82,42,38,84,93,73,0,60,72,60,23,63,40,100,47,33,100,35,61,62,62,55,17,70,85,50,0,0,51,75,14,27,15,21,4,26,87,32,12,18,80,74,59,55,0,22,40,93,64,70,52,56,38,81,65,0,82,0,29,77,82,94,82,92,70,47,34,32,80,53,80,100,70,82,73,37,65,78,84,67,49,72,69,76,0,66,68,30,38,24,82,61,66,30
2017-10-13,59,48,51,94,32,0,29,34,51,20,78,37,61,73,25,23,52,23,0,34,11,59,45,58,17,72,15,47,81,63,81,73,40,33,51,43,39,66,41,0,26,41,54,0,46,60,83,37,26,43,35,50,39,44,55,61,69,51,58,81,55,0,38,35,45,61,33,34,54,56,46,74,46,11,65,56,27,0,33,52,75,10,26,12,20,4,25,71,53,65,13,63,86,20,48,41,23,18,76,65,80,0,47,34,30,33,0,84,0,25,66,69,89,65,84,59,45,51,43,35,22,41,68,66,80,57,29,61,73,80,78,47,64,80,0,0,61,35,62,100,65,64,71,56,41
2017-10-14,38,26,19,76,27,0,15,19,31,23,58,17,38,46,55,25,29,26,69,32,0,34,27,28,28,66,32,6,81,47,77,51,21,9,24,72,22,61,46,0,31,23,30,0,33,43,77,22,0,24,0,30,21,20,48,61,39,0,61,46,34,11,14,16,42,33,0,47,20,34,70,19,41,6,32,62,21,0,0,19,77,4,25,9,21,4,29,82,48,100,8,65,64,0,22,70,25,10,61,58,54,0,17,41,25,0,0,42,0,17,48,47,60,51,46,71,49,32,0,0,24,24,76,61,87,51,22,60,56,79,56,41,62,30,58,0,49,69,0,34,55,50,55,71,0
2017-10-15,40,33,0,74,28,25,15,19,9,29,59,24,49,55,72,50,14,30,34,50,36,29,35,42,64,53,79,34,84,23,72,55,28,0,38,70,32,42,22,0,33,23,29,52,35,50,84,21,0,24,25,62,8,12,61,76,53,0,50,59,33,21,42,35,53,56,36,37,46,54,25,43,39,12,48,47,38,0,0,19,59,3,27,11,21,4,28,85,36,25,11,61,68,0,25,0,50,30,78,29,51,0,24,25,33,0,0,46,100,17,56,50,67,53,43,73,35,25,0,0,24,33,46,65,87,69,23,65,60,80,60,42,68,59,28,0,60,76,34,100,53,53,46,71,33
2017-10-16,66,59,16,94,34,43,44,33,49,84,78,100,78,96,47,65,75,62,29,71,31,61,72,36,16,78,28,30,100,20,78,87,46,71,25,0,56,71,39,0,34,78,0,91,49,69,92,41,0,21,11,90,39,39,63,81,94,49,77,100,59,14,73,52,72,76,64,97,97,67,38,87,53,16,77,59,81,0,0,33,79,13,27,14,22,4,42,86,33,21,13,88,88,57,53,20,44,26,88,75,73,0,58,57,64,0,0,66,87,30,71,83,96,82,92,89,64,38,41,100,21,42,89,69,78,80,29,66,76,81,61,43,71,46,0,79,72,79,0,75,55,74,51,47,39
2017-10-17,67,56,24,93,36,42,30,89,19,39,66,43,87,85,63,22,25,44,15,49,41,63,71,49,48,57,42,25,88,40,78,82,46,39,81,0,28,72,39,0,35,39,52,0,52,76,92,48,25,41,44,71,37,36,78,67,81,0,64,75,55,14,86,42,47,73,63,32,63,57,72,49,56,27,100,56,53,0,0,50,89,7,38,14,23,4,39,81,41,43,11,82,78,57,54,39,22,90,89,0,73,0,60,53,36,31,0,93,0,31,72,71,97,78,84,100,52,60,0,78,20,57,57,70,81,76,31,61,93,82,59,46,69,61,0,0,72,86,30,67,63,96,64,45,39
2017-10-18,64,49,16,90,33,21,27,41,60,58,71,43,73,83,39,44,100,40,44,49,51,59,62,58,56,84,56,15,93,20,78,70,44,63,90,0,37,73,0,0,34,39,52,45,41,62,85,43,99,41,44,72,41,36,65,67,63,0,74,82,57,9,49,49,61,69,0,48,57,50,60,60,46,33,61,70,33,0,0,66,68,8,39,13,22,4,31,81,29,28,15,84,75,19,58,79,22,60,90,50,100,0,59,36,29,63,0,64,0,28,68,85,94,74,91,78,53,16,21,44,31,55,73,69,77,76,30,62,100,83,59,48,64,41,0,0,75,40,0,54,70,78,59,65,49
2017-10-19,70,37,100,93,32,0,24,75,23,66,49,44,85,72,73,22,51,55,46,51,74,65,62,45,41,68,29,20,90,41,77,83,37,24,76,21,57,64,0,0,33,40,53,0,54,59,87,30,25,42,57,71,42,34,71,81,91,0,74,86,47,19,25,52,63,63,33,33,65,59,85,45,46,33,58,41,31,0,0,34,70,5,33,13,21,4,30,80,27,39,13,76,73,0,50,20,45,98,84,52,81,0,56,54,22,0,0,89,0,29,74,78,90,87,84,66,51,67,32,69,21,48,42,68,80,68,31,66,80,87,59,47,66,48,25,0,58,54,0,73,48,68,64,51,60
2017-10-20,66,33,25,88,28,45,34,34,48,81,41,52,61,66,33,69,39,33,15,29,11,54,51,46,25,54,58,36,86,64,75,66,36,59,35,22,20,74,0,0,30,42,54,48,40,56,80,35,52,44,92,50,39,33,62,55,69,0,52,50,46,0,38,42,72,49,34,43,72,47,46,63,45,6,63,77,43,0,0,0,52,6,31,11,20,3,32,71,25,4,14,73,84,0,48,42,23,60,75,40,75,53,54,41,45,0,0,60,0,26,63,63,82,60,76,65,40,40,22,47,65,33,68,65,82,61,28,58,73,83,55,44,69,33,0,0,55,62,0,83,49,65,53,83,41
2017-10-21,40,23,38,78,28,100,15,38,26,22,53,8,43,43,37,0,44,21,0,39,12,35,33,25,65,59,32,29,82,47,72,51,27,9,53,24,22,45,23,0,31,46,0,0,30,45,71,14,0,0,51,46,21,20,64,40,49,0,67,46,31,0,14,25,38,39,0,38,27,38,26,32,38,13,32,69,36,0,0,96,74,4,30,8,19,4,31,78,27,13,7,62,87,0,26,0,25,10,57,0,52,0,23,35,58,0,0,33,0,14,48,57,53,48,49,55,38,13,0,52,24,55,19,62,86,49,19,60,59,79,60,40,64,48,0,0,42,62,0,44,45,52,55,76,11
2017-10-22,33,27,9,71,26,24,14,27,21,50,47,24,52,50,35,0,28,34,16,55,23,27,33,16,53,63,46,28,83,0,72,45,24,18,55,23,10,32,0,0,31,0,0,0,26,49,79,21,28,0,61,58,22,16,59,53,50,0,52,64,32,5,14,53,48,50,36,27,32,50,55,0,39,24,46,54,42,0,0,18,83,6,29,10,20,4,26,84,30,6,10,71,68,0,27,66,24,19,59,56,50,0,13,23,32,0,0,29,0,16,50,60,58,72,49,59,37,30,46,0,23,38,81,60,93,58,23,66,57,81,66,40,66,46,55,0,47,44,33,46,35,54,56,60,11
2017-10-23,67,47,8,92,36,0,27,24,41,95,74,35,88,87,93,21,49,57,0,43,51,61,58,64,39,92,41,58,91,40,77,79,47,86,86,20,36,61,19,0,34,0,25,89,53,73,95,65,48,41,43,76,33,34,80,80,74,0,81,57,56,22,24,55,67,76,63,48,62,62,43,64,54,27,88,66,85,0,31,0,72,10,31,14,20,4,29,79,27,13,14,68,86,0,50,98,0,51,87,49,77,0,60,48,49,0,0,73,0,26,69,72,99,81,89,60,49,37,20,11,31,41,56,69,88,74,29,67,78,87,61,43,74,61,48,0,60,71,0,81,46,78,50,42,29
2017-10-24,70,59,32,97,35,0,17,56,48,38,70,14,76,77,78,43,74,43,44,49,10,56,67,43,39,87,83,49,89,59,76,71,42,23,48,20,55,68,0,0,39,77,51,0,43,75,94,55,49,40,66,68,51,40,63,67,77,0,85,82,55,4,85,69,61,68,32,80,68,66,60,59,58,27,73,57,65,89,0,66,80,10,36,13,21,4,30,81,26,9,13,90,87,76,54,19,0,55,89,37,83,50,59,52,28,62,0,67,0,30,74,67,100,90,95,73,54,48,0,88,41,59,40,68,81,77,28,73,77,85,60,45,74,65,24,0,62,72,29,82,77,79,75,65,48
2017-10-25,67,54,24,92,40,43,44,40,56,38,63,21,78,86,62,21,49,22,15,49,41,52,84,72,39,73,27,20,85,20,81,81,45,32,78,0,37,77,96,0,41,98,76,0,58,80,90,41,24,0,65,74,44,42,61,78,76,48,60,94,55,22,24,55,74,54,32,32,62,65,97,70,61,43,79,59,45,0,31,16,71,14,47,13,20,4,28,79,25,10,12,86,85,38,57,40,0,69,86,49,85,0,57,37,49,32,0,74,0,32,73,69,96,91,92,63,58,70,20,77,41,67,64,68,78,81,29,65,78,84,60,50,71,67,97,0,60,33,0,86,46,76,72,60,19
2017-10-26,68,60,57,92,36,21,47,74,53,26,53,65,84,85,47,0,25,40,30,33,31,53,51,73,24,64,28,45,92,61,78,68,41,48,58,41,75,66,20,0,39,79,0,46,75,80,89,46,50,41,78,69,38,38,62,68,69,49,50,75,56,23,37,54,54,59,32,33,69,72,39,60,57,11,87,50,69,92,0,67,61,11,36,12,20,4,27,82,26,13,14,94,85,58,54,40,0,48,89,25,87,0,52,50,57,0,0,69,0,30,71,85,94,90,85,63,57,49,31,45,21,52,57,67,79,72,30,64,79,84,63,49,71,46,0,0,41,87,60,54,16,80,68,57,89
2017-10-27,63,34,26,94,31,0,15,42,51,54,48,23,66,65,58,23,40,46,16,80,32,64,67,54,8,70,44,31,85,21,78,66,41,41,55,21,59,59,0,0,35,40,27,96,42,64,82,46,0,42,23,37,51,41,68,59,54,51,52,79,66,0,52,39,38,56,33,25,73,55,35,63,52,17,62,78,45,0,0,17,75,11,29,11,19,4,26,75,24,11,13,66,80,0,53,41,23,62,76,39,69,0,61,37,45,0,0,47,0,26,73,66,87,67,77,73,47,34,22,71,43,43,51,65,77,61,28,61,72,82,59,48,72,53,78,84,52,35,0,53,33,66,46,58,52
2017-10-28,43,19,18,79,27,25,14,28,30,22,34,16,45,51,63,50,43,31,17,25,24,37,22,28,55,50,16,23,73,23,66,52,24,9,52,23,32,43,45,0,33,45,0,0,24,39,71,12,28,0,25,28,32,35,45,36,35,0,72,36,43,10,42,27,37,48,73,0,33,39,56,19,38,12,46,70,35,0,37,0,63,4,31,8,17,4,22,80,24,9,9,64,65,44,32,0,50,30,62,72,59,0,24,29,33,0,0,32,0,14,51,44,54,49,44,57,46,50,24,13,24,30,18,58,82,48,18,59,56,77,54,48,65,71,0,0,44,23,34,76,36,52,44,76,11
2017-10-29,41,39,9,75,29,24,9,27,38,44,62,16,55,61,44,25,56,25,33,31,11,30,34,14,54,46,16,28,81,0,70,53,35,0,37,0,42,50,0,0,36,22,29,0,23,50,80,23,56,0,75,50,25,22,69,52,44,0,56,63,37,0,69,47,57,39,0,0,58,58,56,49,42,24,53,56,40,0,0,37,66,7,35,9,18,5,27,96,25,7,15,79,72,21,27,22,0,10,60,28,58,0,26,14,24,0,0,56,0,17,58,57,59,54,46,51,31,18,23,13,23,41,27,63,83,63,21,64,60,80,59,47,71,63,28,0,59,67,0,61,35,54,63,70,11
2017-10-30,75,57,48,92,38,0,50,48,60,83,53,36,73,86,94,43,62,35,44,55,61,66,53,63,55,82,28,59,92,99,78,80,44,23,73,0,46,59,19,0,39,19,0,45,59,79,93,45,0,20,55,74,50,57,74,88,100,0,96,95,66,27,24,71,54,72,64,80,74,74,82,76,61,38,85,42,81,0,32,99,72,11,39,13,17,4,27,92,26,15,12,81,85,19,61,39,65,47,96,25,69,0,67,36,35,0,0,71,0,30,75,80,97,84,94,69,64,49,0,78,20,72,48,69,74,77,28,69,75,81,62,59,72,51,49,0,60,59,29,83,62,76,79,66,39
2017-10-31,68,59,49,87,41,43,45,58,54,45,46,50,77,66,40,0,25,63,30,39,52,66,66,86,24,68,56,45,87,0,74,84,51,32,58,42,66,48,79,0,37,100,26,46,68,70,91,44,25,42,11,53,46,53,72,66,77,0,81,71,68,18,86,56,76,61,0,33,58,75,61,60,57,11,98,57,69,0,0,100,68,9,37,21,18,4,26,89,25,13,15,81,77,58,58,0,22,48,96,25,83,0,66,55,43,0,0,88,0,29,73,74,94,77,89,64,60,55,21,56,0,58,57,63,77,75,27,61,75,82,59,54,67,78,75,0,66,100,60,46,16,71,61,44,39
2017-11-01,72,61,33,87,44,22,52,84,66,46,30,36,81,72,56,0,51,45,15,51,53,71,65,72,32,72,43,46,87,41,80,80,54,24,51,42,76,72,40,94,35,61,79,0,39,71,87,55,50,0,68,54,67,66,62,72,75,0,48,82,75,28,75,57,51,62,49,33,53,77,56,61,62,17,80,59,39,0,0,51,86,14,45,27,18,5,28,94,24,9,16,64,83,19,67,20,0,36,96,52,78,51,72,69,44,65,0,95,0,32,68,77,95,79,94,60,76,55,21,57,43,86,66,64,78,75,30,62,77,82,60,49,73,69,0,81,72,47,30,68,48,72,74,71,20
2017-11-02,73,100,33,93,100,0,62,66,72,65,68,29,83,74,79,0,50,49,30,61,52,60,63,51,56,65,56,30,96,41,80,100,66,96,100,21,75,75,59,0,35,79,78,46,50,75,91,71,25,0,100,65,64,59,68,78,74,0,100,78,71,18,37,61,62,70,32,49,69,100,33,66,100,27,67,63,54,0,0,33,92,15,40,21,18,6,27,91,26,16,18,78,86,19,61,40,66,52,89,25,82,0,61,41,50,32,0,81,0,34,73,88,97,92,95,75,69,60,63,34,42,68,73,68,82,77,28,62,81,83,58,48,78,88,50,0,62,60,0,75,39,88,60,74,39
2017-11-03,65,46,17,93,48,0,57,58,54,40,45,29,67,63,65,0,0,41,61,62,42,62,74,52,33,72,29,36,85,41,77,58,38,32,46,63,57,53,60,0,31,60,0,47,42,72,86,55,51,63,79,39,40,46,62,57,67,0,79,76,65,0,75,61,52,58,33,58,83,75,56,39,64,22,41,72,89,0,33,34,64,12,35,15,18,5,25,79,25,15,15,100,75,78,55,0,0,62,86,0,68,0,55,43,44,0,0,76,0,28,62,64,88,78,82,55,67,84,21,69,53,43,42,68,79,67,29,64,78,81,54,46,73,58,51,0,58,54,0,43,48,71,55,47,30
2017-11-04,41,26,27,81,33,0,14,0,34,22,31,32,47,43,27,98,14,35,17,31,23,42,29,41,63,37,16,56,88,45,73,52,34,27,50,23,52,41,0,0,49,0,29,0,37,43,76,14,0,0,0,31,38,28,54,38,30,0,50,60,46,20,27,19,28,43,0,36,13,40,37,12,42,18,34,78,40,0,0,56,66,7,29,12,18,6,23,88,26,6,10,53,66,0,35,0,25,29,56,28,57,0,26,29,16,0,0,54,0,16,45,48,58,52,42,53,54,61,23,38,23,20,46,64,85,50,23,63,61,80,52,41,75,29,0,0,40,60,100,37,18,50,38,65,11
2017-11-05,40,39,27,76,33,0,23,18,33,28,48,31,62,65,95,24,14,58,49,60,45,39,54,16,44,63,46,55,89,44,76,46,46,26,63,22,51,45,22,0,100,22,0,0,42,60,81,29,54,45,49,55,25,23,54,41,43,0,45,51,42,25,67,52,40,53,0,27,38,51,42,30,41,12,54,52,53,0,0,18,66,4,27,15,18,7,28,93,28,8,12,63,64,21,27,65,24,19,63,28,50,0,27,31,31,0,0,64,0,17,54,63,61,71,44,61,38,30,45,98,23,37,71,69,86,69,22,69,61,80,57,45,78,62,27,0,38,29,0,50,43,62,61,62,22
2017-11-06,76,55,31,96,38,21,39,32,66,68,59,28,90,87,61,21,24,30,71,54,61,91,70,82,100,87,80,29,94,79,78,82,59,31,64,100,99,67,19,0,91,96,50,44,50,76,95,58,24,20,64,71,73,72,74,56,79,0,77,90,82,31,24,65,45,66,31,32,100,82,48,95,60,21,83,44,96,0,0,96,74,13,29,30,19,6,31,92,29,11,19,88,84,55,84,19,21,97,92,24,72,49,98,79,69,93,0,55,0,31,69,87,98,82,96,62,75,84,20,43,30,73,78,73,85,85,32,68,74,82,60,45,76,75,0,0,83,90,29,84,45,73,55,66,57
2017-11-07,76,59,39,94,39,41,39,63,77,19,48,55,82,73,69,21,48,56,71,64,100,100,86,92,46,81,40,19,84,97,80,80,65,100,92,0,27,60,57,0,79,38,50,0,66,97,94,28,0,60,43,61,100,100,96,65,80,0,59,85,100,44,24,77,31,72,93,63,44,77,64,100,57,47,76,74,76,0,62,48,48,16,29,21,20,7,27,96,31,15,19,77,100,37,100,58,21,54,99,0,82,0,100,73,62,0,0,84,0,35,72,90,97,79,92,74,100,74,20,86,0,71,63,72,81,81,32,67,74,84,59,49,81,70,24,0,99,38,57,52,53,81,62,55,38
2017-11-08,79,45,48,95,37,42,46,32,100,50,61,42,97,98,62,21,61,65,29,76,10,85,72,100,39,99,27,39,93,20,83,77,57,54,77,60,27,68,57,0,65,39,0,0,64,72,96,77,24,41,76,55,88,84,97,74,99,0,76,98,89,9,48,88,35,73,31,32,84,59,43,75,56,21,79,60,77,0,0,49,74,13,26,16,20,7,30,95,31,12,18,91,94,37,84,0,21,64,97,37,77,49,74,89,56,62,0,87,86,33,77,81,97,88,96,56,94,96,30,65,0,77,71,70,79,76,33,67,73,97,60,47,80,61,24,0,70,65,58,94,61,77,85,51,19
2017-11-09,71,57,31,95,35,0,33,72,41,50,62,14,81,74,76,64,61,43,14,54,30,84,75,85,31,71,27,19,97,59,79,77,62,23,77,20,0,58,57,0,61,58,25,0,50,75,88,42,72,40,32,69,65,65,83,57,57,0,78,76,77,44,71,66,56,57,94,32,89,61,59,58,53,16,49,50,69,0,0,16,80,14,26,14,20,7,27,93,35,9,14,80,81,37,66,39,21,47,100,86,72,0,74,55,62,62,0,63,0,32,72,71,94,84,95,64,78,74,40,43,20,64,94,68,79,77,27,66,71,95,58,46,78,76,24,0,68,77,29,85,30,77,92,58,76
2017-11-10,68,42,25,92,32,22,24,33,69,46,43,29,71,50,56,22,64,45,45,34,52,68,55,62,57,90,71,31,96,61,77,68,52,24,59,21,57,71,20,0,64,20,0,0,53,62,80,44,25,21,45,61,73,65,74,43,81,100,82,75,74,42,50,47,48,56,0,25,59,49,68,67,51,22,57,79,49,0,0,85,93,12,27,12,18,7,26,79,29,12,12,85,85,20,67,20,45,35,86,26,64,52,70,61,66,0,0,43,0,27,62,67,82,76,83,71,62,78,42,34,42,88,75,72,84,64,25,59,70,95,65,50,79,63,0,0,73,54,0,55,24,66,81,64,30
2017-11-11,49,30,36,79,28,24,24,18,21,29,29,48,51,53,18,49,14,20,0,43,0,45,36,30,0,68,16,17,84,0,77,51,29,27,65,0,10,46,0,0,59,22,0,0,39,45,76,14,28,23,49,34,36,28,62,31,27,0,65,64,49,31,14,26,28,47,36,27,26,41,86,24,39,24,45,85,40,0,36,19,54,6,26,9,19,8,26,91,28,8,11,76,71,43,30,0,0,29,58,28,54,0,25,56,16,35,0,31,0,14,48,57,56,54,43,71,50,37,46,25,23,41,45,70,83,59,21,71,61,87,65,74,76,58,55,0,40,30,0,61,53,51,80,72,11
2017-11-12,49,37,18,76,27,0,31,27,13,72,26,32,61,52,35,24,28,20,16,49,11,41,41,30,35,78,62,39,95,44,76,51,37,17,45,45,31,47,0,0,57,22,29,0,23,62,81,34,28,0,61,38,37,28,69,52,57,54,58,64,43,30,54,51,40,57,0,18,58,50,49,61,40,0,36,55,82,0,0,92,66,6,26,10,19,9,66,100,49,9,15,82,72,0,33,22,49,19,63,55,47,0,29,41,40,35,0,66,0,17,56,59,60,58,48,65,50,48,0,62,46,52,63,71,82,78,25,71,58,86,63,53,81,56,28,0,43,52,33,93,70,60,72,84,22
2017-11-13,71,75,70,93,34,0,45,63,51,87,46,35,92,69,76,0,36,68,43,32,50,68,71,64,54,65,40,77,92,58,78,66,46,54,88,40,36,68,19,0,54,76,100,0,40,79,93,60,96,80,43,64,59,60,60,68,88,0,53,91,73,48,94,70,52,65,31,16,56,86,53,84,57,31,80,62,89,0,0,0,89,13,25,15,20,10,100,95,100,11,17,88,81,18,61,38,0,59,91,73,75,49,64,68,41,0,0,89,0,30,74,88,96,88,96,58,77,100,40,65,30,83,94,72,80,91,32,69,68,87,65,53,81,55,24,0,70,70,0,93,53,78,72,45,76
2017-11-14,75,52,63,94,36,41,47,55,22,69,32,35,90,80,69,21,24,69,57,53,70,72,72,47,23,89,40,38,94,19,81,72,64,46,56,59,54,83,0,0,45,95,25,0,52,75,92,52,48,100,64,60,61,66,91,65,75,0,85,81,76,26,35,100,38,63,62,16,67,83,85,68,57,32,81,59,71,0,0,80,87,10,28,15,19,11,51,93,63,11,19,92,90,18,69,39,21,63,91,36,80,97,77,51,83,0,0,74,0,33,75,78,99,79,88,66,69,47,40,86,40,96,63,72,83,81,31,78,74,100,73,69,83,95,48,0,55,45,0,48,38,84,74,65,19
2017-11-15,72,64,94,96,34,0,64,48,51,100,37,28,94,86,92,42,0,69,57,59,60,75,66,59,46,98,67,29,90,79,86,78,58,15,84,60,54,65,19,0,44,96,25,44,53,80,90,56,0,40,53,58,71,65,64,65,82,48,75,86,80,57,47,79,38,68,31,55,45,81,59,79,56,26,70,73,52,0,0,32,91,18,24,16,19,12,38,83,40,12,14,82,90,19,76,39,21,55,96,37,87,0,75,63,69,31,0,94,0,33,82,91,96,80,100,71,71,74,40,54,40,56,94,71,79,85,31,70,76,94,92,61,85,90,48,0,80,71,29,69,68,89,90,59,28
2017-11-16,74,55,95,92,32,62,47,32,29,63,39,28,88,65,100,64,61,43,43,27,50,70,61,36,54,100,41,53,95,58,84,71,52,38,72,20,100,78,19,0,43,0,25,0,45,69,84,60,0,0,32,49,67,61,74,62,67,0,78,95,71,40,71,69,56,74,31,47,50,69,64,74,60,16,66,70,47,0,0,32,78,14,26,16,25,13,32,87,34,8,19,82,86,19,70,77,21,46,96,73,74,0,61,73,42,0,0,78,0,46,71,88,96,90,90,64,61,74,20,54,40,89,63,72,78,75,32,64,73,94,66,57,78,50,24,0,82,58,0,49,61,84,71,72,38
2017-11-17,68,41,41,90,29,22,45,100,66,79,37,15,76,59,72,0,38,63,0,45,53,62,67,55,33,98,57,41,93,41,81,62,54,32,63,42,19,86,100,0,38,100,26,69,40,58,79,51,51,21,23,38,63,58,65,47,60,50,56,78,67,23,75,60,63,68,33,33,94,57,45,78,49,100,62,61,67,0,0,17,84,10,25,14,19,14,29,72,29,9,14,69,75,0,59,20,0,44,77,38,81,0,50,100,44,0,0,51,0,100,61,68,88,67,93,58,69,72,21,45,0,90,74,70,78,69,30,72,68,92,57,49,78,42,25,0,70,81,0,42,56,70,50,62,100
2017-11-18,38,35,27,88,25,48,14,18,21,21,18,16,47,40,61,24,41,30,0,61,23,42,39,38,44,51,0,50,87,22,75,48,33,27,14,46,10,53,0,0,37,0,29,0,25,35,76,27,27,0,37,25,27,24,69,25,34,0,49,61,47,5,14,52,32,56,0,18,32,40,30,24,40,30,31,61,37,0,0,37,61,4,22,8,24,16,24,82,27,8,7,56,66,21,30,0,24,34,56,56,58,0,21,52,0,0,0,65,0,50,48,71,57,60,41,63,50,30,23,12,0,35,54,67,81,48,22,62,56,91,63,41,76,29,0,0,40,29,0,74,26,48,30,71,33
2017-11-19,42,34,27,74,25,0,47,36,21,42,32,47,57,44,9,0,14,53,49,60,11,35,45,21,44,64,31,38,95,66,80,47,37,17,31,22,41,46,0,0,42,43,0,0,49,46,79,39,0,0,36,40,25,17,66,30,52,0,45,62,39,45,67,63,47,41,35,53,44,43,36,36,38,18,35,60,53,100,35,36,62,7,25,10,18,19,24,88,27,6,12,77,62,0,29,0,24,19,56,55,60,55,15,22,55,0,0,61,0,33,57,58,58,78,39,54,36,54,23,24,23,40,53,69,81,67,23,68,54,89,60,43,84,56,27,0,62,51,0,59,60,63,61,69,11
2017-11-20,65,40,8,94,30,41,49,55,44,56,42,42,76,74,76,21,85,60,14,58,10,71,68,80,85,86,27,29,92,58,82,79,66,38,99,39,36,80,19,0,40,75,25,0,65,69,88,54,24,20,32,35,57,52,67,61,72,0,75,69,67,44,35,74,38,58,31,23,78,62,59,95,50,16,57,53,71,88,0,96,82,14,25,16,18,20,27,87,29,10,17,98,82,37,55,76,21,46,88,36,77,0,65,46,41,0,0,73,0,47,67,88,89,80,89,57,59,53,100,65,20,65,94,74,77,73,26,73,72,87,63,42,79,44,24,77,73,64,0,56,76,71,38,65,57
2017-11-21,74,32,32,96,32,62,37,32,70,31,57,28,89,59,85,43,24,47,29,43,50,65,64,45,23,65,41,39,89,58,80,74,49,31,56,20,55,68,0,0,43,38,0,44,43,64,84,44,0,40,0,42,53,55,76,46,70,0,65,80,70,31,60,61,63,64,31,39,22,57,59,69,54,16,56,46,54,0,31,32,84,12,28,14,19,27,27,82,28,9,19,89,81,0,55,0,43,59,87,86,77,99,54,56,56,61,0,62,86,41,65,79,85,84,89,64,86,69,40,76,40,69,63,81,76,72,24,63,70,84,63,45,76,75,0,78,100,39,29,90,84,80,56,69,29
2017-11-22,73,31,40,93,30,21,29,80,33,6,23,21,81,52,47,43,49,43,15,98,20,68,55,55,63,52,27,20,84,39,81,70,54,0,77,40,28,85,19,0,40,39,51,0,30,47,75,22,0,20,33,36,51,56,59,42,72,0,79,67,74,9,48,22,43,57,31,48,57,45,43,48,49,16,40,58,30,0,31,65,68,8,27,12,17,43,22,82,27,5,17,84,79,19,58,39,65,55,85,25,79,0,70,27,70,93,0,85,0,33,62,73,75,69,79,60,60,54,20,0,20,79,72,80,78,60,20,67,69,83,66,42,79,60,73,79,52,20,29,70,46,79,57,56,39
2017-11-23,61,31,41,78,27,22,9,41,27,13,33,22,69,42,63,0,38,45,15,100,21,43,44,32,64,66,0,10,80,0,83,63,34,8,50,21,28,70,20,0,42,0,0,46,30,49,69,19,0,42,22,31,56,45,50,46,59,0,56,66,61,18,49,29,36,35,0,0,17,34,44,27,39,16,26,37,28,0,0,83,62,9,24,10,16,100,25,83,27,11,13,74,68,19,56,60,0,26,68,25,61,0,62,31,14,0,0,42,0,25,61,53,63,67,75,54,55,27,42,11,21,68,16,86,77,52,20,64,69,80,84,40,74,72,0,0,53,20,0,42,16,63,56,50,10
2017-11-24,56,29,16,100,21,0,13,66,27,13,13,0,53,36,40,22,25,27,0,28,21,49,36,47,56,60,70,25,68,0,100,61,37,16,33,0,66,55,20,0,34,20,0,0,21,47,68,17,25,0,33,34,41,43,64,26,41,0,50,51,59,14,12,15,51,47,0,25,47,31,22,50,36,22,23,38,41,0,0,34,82,8,27,11,15,20,23,71,27,3,12,73,68,0,51,0,22,91,64,0,61,51,61,40,36,0,0,40,0,21,51,47,59,49,65,54,52,27,21,34,84,66,57,100,79,55,18,69,63,76,75,40,78,47,50,0,48,27,0,55,32,55,44,60,10
2017-11-25,40,30,27,95,22,0,9,0,25,22,41,24,60,34,53,0,28,39,16,74,11,38,23,30,53,41,31,28,80,0,85,42,23,9,36,23,21,58,0,0,35,43,29,0,39,40,71,21,28,0,25,19,32,20,65,43,33,55,83,43,42,5,82,40,24,42,36,18,19,27,67,12,32,6,29,59,28,0,36,18,86,5,27,10,16,15,23,80,29,11,9,75,70,21,29,44,0,24,53,0,52,0,23,35,24,0,0,38,0,18,47,44,53,50,40,55,45,24,23,12,23,29,63,81,84,53,19,62,54,77,69,39,80,45,28,0,52,52,0,56,70,51,23,89,33
2017-11-26,41,31,35,74,20,24,30,18,29,21,36,8,61,46,34,0,40,34,16,36,11,31,41,21,34,50,45,21,86,0,80,46,30,18,41,23,40,64,21,100,36,22,0,0,47,47,79,18,27,0,36,28,16,20,46,54,35,53,36,76,33,34,53,55,47,41,0,18,31,45,59,35,36,12,30,50,53,0,0,54,100,5,26,11,16,12,26,89,27,5,16,62,72,0,31,22,24,10,59,82,61,0,26,37,39,0,0,58,0,17,51,55,57,51,39,50,35,23,0,12,23,46,17,77,82,56,20,70,51,80,68,41,82,40,0,0,53,43,0,63,42,58,58,58,32
2017-11-27,69,44,54,96,30,40,34,62,43,36,48,54,76,67,52,21,82,29,14,68,29,61,87,44,23,79,13,33,84,57,91,67,68,52,86,19,35,63,55,0,36,37,0,0,57,72,88,49,47,20,83,42,48,48,72,52,61,46,78,82,66,43,12,72,51,80,30,61,76,64,52,57,50,36,46,60,67,0,0,47,98,14,25,14,20,8,27,89,28,6,21,75,77,72,54,56,41,82,83,47,66,48,60,43,88,0,0,64,83,31,66,88,90,75,82,67,62,21,39,63,20,84,38,88,79,75,31,69,69,83,65,45,80,58,70,75,49,75,0,51,96,81,49,56,74
2017-11-28,78,44,39,94,32,21,59,23,47,55,37,41,99,70,60,21,47,64,42,74,20,65,82,46,68,78,40,14,94,19,83,76,61,61,60,0,62,69,19,0,40,19,0,43,69,77,91,61,24,0,63,44,49,48,65,49,69,48,50,86,66,43,93,66,62,83,31,31,27,69,84,88,55,16,40,64,73,0,0,32,93,16,29,15,18,6,26,85,27,18,26,99,83,55,53,38,0,54,91,48,94,0,57,55,54,31,0,85,0,33,70,100,94,79,89,77,60,47,80,32,60,95,69,80,82,81,32,71,73,83,61,46,85,70,47,0,64,95,28,75,89,85,77,62,65
2017-11-29,74,51,55,92,33,0,72,48,59,62,34,28,89,74,53,42,36,56,100,75,40,68,75,63,31,90,67,34,92,39,86,85,72,39,77,20,63,94,19,0,36,38,25,0,81,92,87,100,24,0,32,33,50,46,72,58,87,0,61,84,67,35,35,67,56,74,31,31,56,62,74,47,54,10,62,61,54,0,0,16,74,15,31,16,17,5,25,82,26,13,32,81,82,18,63,39,21,81,89,37,80,97,56,42,96,62,0,73,0,33,75,87,95,89,96,72,57,63,20,54,100,46,47,70,82,87,29,68,70,82,61,48,81,65,48,0,91,64,29,96,68,77,97,56,19
2017-11-30,77,55,32,93,32,0,70,48,44,50,43,14,87,67,61,0,73,73,58,48,50,76,82,71,54,85,68,53,92,0,84,77,56,54,72,0,73,93,19,0,36,38,50,66,73,78,87,79,0,20,54,45,50,46,74,45,67,0,64,94,67,44,48,81,60,68,93,0,45,67,54,48,54,5,64,56,50,0,93,32,84,17,26,14,16,5,23,81,29,19,100,84,82,19,63,58,43,84,89,73,77,49,69,39,42,0,100,80,0,32,100,83,92,92,90,71,59,69,50,54,40,79,63,68,79,69,28,73,67,81,59,49,81,100,24,0,80,84,0,61,38,82,67,48,57
2017-12-01,68,33,41,86,30,43,43,83,38,26,41,44,91,65,48,0,63,36,60,50,63,65,53,57,24,96,28,56,86,20,84,66,61,40,67,21,57,81,60,0,35,20,0,0,45,64,83,48,0,63,22,42,61,46,57,40,57,0,70,67,65,37,37,41,44,71,32,16,64,59,45,55,49,22,70,65,57,0,32,67,71,18,25,12,16,4,24,76,38,8,34,76,83,39,55,40,0,57,75,25,71,51,55,44,51,0,0,53,0,28,73,74,89,65,82,71,69,94,21,90,0,63,74,69,82,61,27,69,68,79,57,100,76,62,75,81,59,67,0,72,16,71,57,61,90
2017-12-02,41,29,36,77,26,0,45,18,17,29,33,16,52,44,44,49,28,49,33,68,23,38,35,16,53,58,0,56,80,45,80,45,35,36,37,23,73,60,22,0,34,22,0,0,50,39,72,25,55,46,25,29,21,26,49,42,33,0,43,48,44,15,41,32,24,50,72,36,45,39,37,18,39,24,34,65,65,0,0,37,69,8,23,8,17,5,22,79,34,9,10,70,72,21,32,22,0,5,58,84,56,0,24,26,16,0,0,43,0,17,51,58,55,52,46,68,34,36,0,12,23,44,72,66,82,47,19,64,54,74,66,64,78,40,0,89,63,37,0,37,17,52,36,57,0
2017-12-03,47,36,36,76,27,24,56,36,17,50,34,16,54,55,52,24,28,29,16,18,11,32,76,11,97,54,31,38,86,0,80,58,54,9,50,45,62,54,43,0,38,22,29,0,49,42,77,50,0,0,12,35,20,22,51,40,46,54,52,62,38,50,54,37,52,69,0,18,25,60,43,24,41,24,36,42,56,0,71,37,68,8,22,10,17,5,23,89,32,9,11,66,78,21,24,0,0,24,61,0,57,0,22,31,87,0,0,66,0,18,58,65,60,70,40,60,33,36,0,0,0,55,63,67,84,62,21,71,51,78,67,51,82,40,27,0,63,66,66,46,69,60,45,90,43
2017-12-04,77,66,23,88,34,0,100,55,44,49,44,62,86,86,83,21,48,51,42,53,30,60,100,63,69,81,40,100,93,77,84,75,77,99,44,20,9,74,75,0,37,76,25,0,81,69,87,79,24,40,21,48,48,52,58,51,98,0,58,95,62,100,82,89,62,88,31,39,71,80,100,68,57,26,60,73,73,88,0,32,89,21,26,14,17,4,26,82,30,14,20,90,93,73,55,58,0,71,89,73,81,48,55,40,20,31,0,89,0,29,71,96,97,87,88,66,56,36,0,96,0,95,54,71,80,83,28,69,68,81,75,49,84,45,24,0,63,82,28,60,30,86,71,69,28
2017-12-05,77,66,70,97,33,41,76,55,36,50,51,48,97,88,45,42,12,43,0,85,40,65,77,58,54,57,67,33,96,58,82,78,83,38,95,79,54,76,19,0,39,19,0,0,72,76,93,52,24,0,53,57,42,47,61,59,74,0,58,89,65,31,12,63,48,77,31,39,77,72,79,58,57,26,63,51,76,0,0,48,74,23,23,14,18,4,25,88,29,10,16,81,95,0,53,58,0,79,92,36,84,48,60,43,48,30,0,79,0,34,74,86,99,100,98,71,72,42,40,53,40,65,78,71,79,74,28,68,69,81,78,68,81,54,24,0,56,89,0,48,45,87,70,68,28
2017-12-06,72,69,24,100,35,0,60,40,41,32,39,28,97,86,54,21,25,52,87,65,71,54,88,65,70,72,82,54,89,59,87,78,100,16,61,40,55,95,0,0,39,58,51,0,79,87,90,73,0,20,33,47,53,45,82,69,87,0,92,72,63,45,36,63,74,100,47,32,45,84,92,59,58,27,76,40,87,0,31,49,90,21,23,15,17,4,26,84,30,14,16,85,91,38,62,0,64,59,86,37,79,0,64,39,63,62,0,89,0,38,71,86,96,74,98,74,58,53,0,55,20,77,96,72,78,90,29,68,68,81,68,63,79,40,49,0,80,65,0,78,100,84,100,40,48
2017-12-07,81,51,40,97,32,0,71,40,22,51,41,42,95,76,85,0,37,61,29,76,41,55,87,43,8,85,68,59,87,99,86,76,81,39,57,40,55,90,19,0,38,58,51,45,74,100,87,65,73,41,54,50,39,42,84,58,83,49,84,84,61,67,60,65,35,86,32,40,85,71,54,86,54,43,70,59,63,0,0,65,83,38,24,14,19,4,24,93,31,10,15,85,84,19,44,59,43,38,88,49,85,49,56,55,35,0,0,69,86,33,71,84,91,76,98,70,59,53,0,33,41,54,64,69,81,100,27,70,67,82,63,53,84,56,0,78,65,85,0,74,46,83,98,56,38
2017-12-08,59,49,33,95,29,0,65,33,43,26,26,29,88,69,81,22,51,50,30,34,21,54,80,47,33,71,28,71,91,41,84,73,62,73,30,0,38,97,0,0,32,61,26,47,60,88,83,61,51,21,57,40,40,45,85,47,52,50,68,72,61,42,100,61,26,71,33,83,29,65,51,67,51,39,61,58,31,0,33,17,75,33,22,14,16,4,24,73,28,11,12,76,87,0,47,20,22,44,79,77,71,52,47,42,37,65,0,60,0,35,63,78,85,82,98,79,53,45,0,57,21,83,50,68,80,80,27,71,67,82,57,47,81,58,25,0,61,61,0,38,64,73,62,70,70
2017-12-09,46,29,9,86,25,0,39,19,26,44,34,41,83,44,45,0,43,20,68,69,12,35,39,19,73,50,32,57,82,0,80,56,48,27,33,23,43,56,0,0,35,67,0,0,51,53,75,33,0,0,50,31,20,18,55,33,48,56,76,42,43,47,28,44,49,61,73,19,33,51,69,12,40,19,40,71,47,0,37,57,80,23,26,9,16,4,30,84,27,5,11,67,69,65,23,23,75,25,59,29,51,0,16,26,49,0,0,41,100,24,50,56,59,52,48,74,36,50,35,76,24,51,37,66,81,59,18,69,54,78,55,43,86,94,56,0,51,76,0,81,27,54,56,92,45
2017-12-10,40,40,27,77,26,0,52,18,25,29,30,48,67,63,17,24,83,39,0,43,34,31,61,16,44,53,0,50,88,44,79,48,48,9,45,23,62,61,0,0,34,43,57,50,51,64,79,37,27,0,49,30,24,20,51,50,48,54,55,56,39,35,27,62,16,64,0,54,57,47,37,18,41,18,43,57,59,0,0,37,73,72,26,9,16,5,28,90,29,9,10,72,70,21,33,22,48,10,65,28,56,0,17,24,8,0,0,42,0,23,53,47,58,75,52,61,38,48,46,62,23,52,81,67,81,74,20,73,52,78,58,44,90,62,27,0,68,29,0,78,35,57,71,66,22
2017-12-11,81,55,8,91,33,0,78,39,29,56,44,41,96,73,46,21,36,51,29,58,20,56,77,59,46,72,54,48,96,97,81,85,82,61,91,39,63,82,38,0,37,75,50,44,81,84,91,78,48,20,53,63,41,38,61,67,92,47,69,75,59,70,24,57,45,96,0,23,28,67,85,53,57,21,62,76,64,0,0,32,89,100,30,17,19,4,26,92,27,9,13,85,79,0,43,0,42,50,94,24,76,0,51,55,28,0,0,65,0,44,70,75,93,85,89,69,49,47,20,43,20,88,63,73,79,85,27,71,66,80,60,46,90,79,24,0,75,77,0,96,45,78,54,53,57
2017-12-12,78,49,23,92,34,82,96,47,43,43,40,14,100,88,68,42,48,51,28,53,40,68,77,46,53,89,13,52,89,0,80,88,77,38,91,20,35,88,56,0,38,57,49,43,74,80,89,77,47,0,52,48,61,62,78,57,78,47,81,77,71,65,70,69,38,83,62,16,44,68,52,78,56,21,69,64,100,0,0,95,83,55,28,15,18,4,24,88,28,14,15,84,80,18,64,19,0,54,92,48,71,0,63,53,75,30,0,99,0,44,70,82,93,86,98,75,59,36,20,42,39,100,93,71,78,83,28,68,68,81,60,45,89,59,71,0,73,57,28,63,89,100,68,59,19
2017-12-13,80,67,8,96,41,21,80,63,44,50,48,49,94,82,46,64,48,60,29,48,70,69,82,66,54,70,81,34,86,97,82,73,66,84,76,40,36,92,38,0,34,0,50,0,100,82,83,80,0,40,21,63,63,55,58,61,77,0,70,82,70,57,24,61,63,82,0,39,39,72,85,47,62,42,57,68,59,0,0,48,94,29,25,13,16,4,26,88,27,11,16,75,89,37,66,38,21,58,89,49,80,0,48,43,55,61,0,60,0,41,69,90,88,76,94,75,63,90,30,76,20,81,55,69,76,75,28,69,68,80,59,44,93,40,0,0,65,77,0,56,23,88,62,59,47
2017-12-14,79,68,48,91,40,64,95,73,26,51,40,43,91,69,55,0,37,48,29,60,41,56,78,53,8,78,28,64,89,20,85,75,79,16,86,0,55,83,0,0,35,39,0,0,89,74,84,76,25,41,55,60,44,43,51,66,47,49,41,90,63,36,85,59,36,58,32,24,63,69,55,59,60,22,57,51,53,0,0,82,76,32,23,13,16,4,26,93,27,13,18,86,77,57,49,20,0,73,79,50,81,100,47,38,57,0,0,58,0,38,63,78,86,73,96,74,55,49,20,44,21,70,88,70,76,68,27,75,67,79,64,44,90,87,49,0,71,39,0,83,47,81,66,65,19
2017-12-15,74,40,34,92,28,22,72,34,31,27,30,22,70,55,65,0,52,50,31,63,21,57,83,46,17,54,43,62,80,21,84,63,58,33,38,63,39,100,0,0,33,20,27,47,62,56,78,64,26,21,57,25,37,41,68,44,43,0,57,55,61,24,38,44,60,65,0,17,18,49,46,85,48,17,38,91,39,0,0,52,97,21,25,10,16,4,25,73,24,9,12,64,84,0,43,20,0,53,77,65,73,0,56,38,30,0,0,60,91,32,57,72,83,64,82,79,57,57,43,46,32,67,84,69,76,60,25,68,65,77,60,45,84,79,0,83,67,55,0,91,32,64,61,65,20
2017-12-16,44,24,9,90,25,48,22,19,22,0,12,25,45,42,36,0,14,25,0,44,12,32,28,31,27,39,16,17,79,0,79,51,36,18,5,23,32,51,0,0,31,22,0,0,36,37,68,28,0,0,38,29,13,15,64,26,27,0,50,34,36,21,28,15,21,34,0,18,13,29,19,25,39,12,21,92,43,0,0,19,61,15,22,8,14,5,24,95,26,6,7,78,66,22,22,22,0,20,55,0,49,0,27,15,16,0,0,16,0,25,48,38,51,53,51,72,45,19,0,25,24,56,37,67,80,47,18,63,55,76,57,37,81,64,0,0,46,23,0,29,98,49,41,89,22
2017-12-17,46,34,9,75,23,24,24,18,26,7,33,16,58,43,18,0,42,40,0,62,12,30,41,19,36,52,16,17,81,23,81,43,24,9,33,70,52,54,22,0,35,22,0,51,32,47,70,33,28,24,37,29,21,16,58,42,51,55,56,48,40,20,14,28,32,38,0,0,32,26,12,25,35,6,28,71,43,0,0,37,52,21,22,10,14,6,24,90,26,7,8,72,67,43,22,0,25,25,59,43,49,57,13,27,32,36,0,62,0,33,46,62,52,53,39,64,33,24,23,50,0,44,36,65,78,64,22,68,51,75,63,40,85,59,0,0,49,37,0,37,44,53,48,78,11
2017-12-18,72,44,24,93,29,21,46,33,45,6,22,28,75,54,23,43,61,31,29,55,93,54,52,55,16,75,41,29,87,0,84,75,50,47,37,0,46,75,0,0,35,20,25,0,47,62,78,39,73,62,43,44,40,39,84,42,69,0,57,69,59,13,36,22,39,34,32,40,34,43,32,43,44,27,32,57,25,0,0,49,80,32,23,12,14,5,29,85,26,9,9,67,79,19,46,20,22,47,83,25,68,0,59,32,42,0,0,56,0,47,58,68,80,63,85,65,48,21,21,88,21,54,64,70,74,68,25,73,67,78,63,43,84,31,0,0,81,91,58,57,31,72,52,94,68
2017-12-19,67,34,16,90,29,43,26,50,19,39,35,14,71,53,8,22,25,72,15,67,21,53,63,32,73,74,28,40,84,61,83,77,51,24,71,21,57,90,59,0,42,80,26,0,55,67,75,35,75,42,33,31,44,41,63,40,60,100,59,65,59,14,62,32,55,44,32,33,35,40,44,66,48,16,37,65,46,0,0,50,78,21,23,13,16,5,23,89,26,12,11,74,83,0,45,40,22,88,79,51,70,0,46,38,43,64,0,57,0,39,59,60,81,62,88,68,49,71,42,34,42,79,98,72,77,76,25,71,71,78,56,43,88,68,50,81,57,54,0,71,24,71,82,67,10
2017-12-20,67,30,34,90,27,0,26,42,39,7,19,37,68,47,25,23,52,27,0,57,85,48,54,43,66,54,43,21,82,21,82,79,50,41,34,0,29,83,20,0,38,40,0,70,50,54,77,39,0,64,34,36,47,43,64,22,46,0,69,70,62,9,0,31,26,48,33,17,36,37,29,28,48,11,32,72,32,0,33,52,92,24,23,11,15,6,22,86,31,9,14,73,86,59,45,61,0,75,84,52,72,0,50,35,52,65,0,43,0,28,61,76,77,67,88,77,58,45,0,23,21,75,50,71,76,67,23,65,71,75,56,41,86,21,26,83,54,41,0,65,41,65,49,72,41
2017-12-21,63,16,25,88,27,0,20,26,56,13,33,7,84,37,41,46,65,46,31,69,22,52,44,41,33,92,15,0,75,21,82,68,30,33,30,0,29,84,0,0,33,41,0,48,45,50,66,39,0,65,46,23,42,46,50,43,50,0,43,69,59,19,38,19,23,30,34,51,24,34,58,46,41,11,21,75,27,0,0,17,89,22,21,11,14,6,23,87,29,9,9,67,83,100,47,0,23,86,78,52,74,0,50,37,15,0,0,61,0,26,57,49,68,57,80,84,52,57,0,0,43,52,25,70,76,62,21,62,63,76,58,40,75,38,26,0,61,55,31,70,16,57,57,77,61
2017-12-22,59,16,9,85,22,0,12,55,75,21,16,16,76,28,43,0,41,15,0,37,11,46,28,45,44,52,31,16,71,0,80,62,25,44,32,23,31,94,21,0,32,66,0,51,32,41,64,25,27,23,36,16,32,33,53,26,43,0,64,42,55,0,27,13,16,26,70,18,25,24,18,66,35,12,16,83,11,0,35,36,68,36,20,9,15,8,23,72,26,7,14,65,72,0,33,0,0,43,65,28,69,0,43,34,23,0,0,42,0,21,44,38,56,41,75,78,39,18,23,24,0,37,36,65,79,51,20,64,59,74,51,38,75,69,27,0,48,29,0,27,26,51,33,100,21
2017-12-23,38,11,20,76,18,25,13,39,9,0,7,17,42,14,29,0,0,11,0,26,0,27,13,23,39,42,0,0,71,0,81,38,16,0,10,0,11,63,0,0,33,23,0,0,28,39,58,12,60,24,0,11,22,20,55,13,30,0,43,50,36,0,15,10,26,22,39,0,21,15,60,26,28,7,10,58,18,0,39,40,91,11,29,7,13,12,25,83,28,6,6,78,72,0,21,0,53,20,53,30,52,0,14,33,17,0,0,17,0,13,38,31,42,33,34,85,29,20,25,54,0,37,59,60,81,48,17,58,54,72,46,36,85,73,0,0,43,48,0,20,28,40,37,81,24
2017-12-24,28,10,20,70,17,0,11,20,29,0,18,18,37,27,20,28,16,17,0,28,0,25,17,34,40,39,0,0,68,0,74,37,20,0,10,0,24,37,0,0,39,25,0,0,12,45,57,18,31,0,0,10,17,13,36,18,25,0,63,49,33,0,31,9,27,14,40,41,7,19,7,7,27,21,13,27,6,0,0,0,72,9,23,6,17,24,23,94,29,9,4,70,69,24,16,0,83,5,47,32,41,0,13,24,18,0,0,20,0,12,37,39,35,32,30,69,33,21,26,56,52,36,82,56,84,55,20,64,52,77,48,43,74,71,0,0,42,17,0,37,20,44,47,77,12
2017-12-25,35,12,20,49,15,0,8,61,19,0,11,18,39,28,10,27,16,33,0,42,13,22,17,15,30,42,35,0,60,0,63,34,19,20,26,0,0,64,0,0,41,25,0,0,16,39,58,8,0,0,14,9,17,17,38,18,16,0,28,40,36,0,15,6,5,12,0,20,58,13,0,34,26,0,11,21,16,0,0,42,62,7,23,8,16,30,24,91,29,5,7,59,59,24,24,50,55,38,52,31,53,0,23,24,27,0,0,20,0,14,39,45,36,31,42,70,34,20,0,56,26,26,20,60,87,55,18,65,41,82,50,44,72,84,31,100,39,42,0,57,20,51,40,64,37
2017-12-26,66,18,0,82,25,0,9,54,50,14,6,0,52,33,35,0,41,19,0,42,23,60,15,70,53,48,0,16,72,0,72,51,23,17,32,0,31,74,0,0,35,43,0,100,47,41,68,14,55,0,12,16,45,46,56,20,45,0,82,56,58,0,40,9,28,24,0,0,38,25,36,54,40,30,16,63,11,0,0,36,69,13,21,7,15,8,27,98,25,3,7,69,86,42,49,22,0,57,62,28,58,0,51,30,8,35,0,39,0,18,44,46,49,34,72,70,46,42,0,12,46,37,54,81,80,58,19,67,49,81,65,40,83,62,0,0,56,58,33,64,26,44,30,70,65
2017-12-27,72,28,9,85,28,22,13,26,44,14,17,38,55,25,25,23,0,14,0,52,11,76,13,69,42,68,0,16,79,63,71,61,17,8,35,0,78,86,0,0,32,21,0,0,35,44,69,22,26,22,35,6,69,54,75,22,52,0,64,51,71,5,51,5,45,29,67,17,12,24,35,29,44,11,18,69,13,0,34,87,79,16,25,8,15,7,24,87,26,8,9,81,82,20,65,0,23,54,77,26,67,0,67,61,38,0,0,25,0,22,43,39,61,46,79,68,56,40,22,12,44,47,51,79,81,50,20,67,60,77,64,43,89,54,26,0,65,28,0,57,16,49,28,87,21
2017-12-28,71,18,26,83,26,0,11,0,56,14,13,8,66,22,8,46,26,19,0,35,22,76,26,56,59,64,0,0,78,0,70,69,19,42,30,0,69,90,41,0,38,0,0,0,42,40,67,37,0,43,23,16,53,50,73,26,65,0,70,58,68,0,13,9,27,22,0,17,24,21,29,86,44,17,17,88,11,0,34,70,65,18,27,8,15,6,23,91,26,9,8,65,78,20,49,42,0,46,76,0,65,0,61,46,15,100,0,44,0,19,44,53,63,36,79,64,55,52,22,24,0,41,60,76,81,45,19,70,64,78,63,42,92,92,26,0,46,49,0,62,58,47,27,73,21
2017-12-29,74,15,18,88,28,0,12,53,25,14,14,23,59,28,17,48,27,14,32,42,45,82,25,50,43,75,30,5,77,22,70,65,18,9,31,0,30,80,0,0,30,43,28,0,31,33,67,27,0,23,12,11,47,46,42,16,73,0,66,40,69,0,13,4,12,16,35,18,12,27,36,83,43,35,14,86,14,0,0,54,61,13,24,7,14,5,25,75,35,6,7,64,78,42,51,22,24,61,72,27,65,0,52,49,8,35,0,26,0,19,45,50,66,50,72,86,74,47,0,12,0,28,53,80,80,40,19,73,65,77,61,38,93,67,81,0,59,43,32,32,26,52,40,68,21
2017-12-30,47,13,29,78,25,0,15,29,18,8,26,8,42,27,37,26,15,21,0,58,36,49,13,31,65,53,33,12,83,0,68,48,16,9,24,0,0,71,46,0,33,69,30,53,33,46,70,12,29,0,13,13,26,28,81,19,39,0,58,50,48,5,14,8,17,22,38,19,54,23,39,57,36,19,10,100,27,0,0,39,66,9,24,6,15,5,22,84,65,5,5,72,72,22,29,0,26,25,52,0,64,0,27,30,25,0,0,26,0,12,40,45,49,31,38,81,36,19,0,0,48,37,38,75,84,46,19,71,67,79,59,40,100,60,0,0,40,78,0,68,9,50,55,70,11
2017-12-31,44,16,10,75,20,0,5,40,32,0,9,9,39,26,29,0,30,22,0,47,0,31,18,24,29,50,17,6,74,0,65,39,15,0,5,0,23,48,24,0,35,24,32,0,29,35,63,18,30,0,13,10,14,15,58,11,48,0,51,43,38,6,0,4,40,28,39,20,7,17,13,13,29,7,10,57,22,0,39,20,71,4,24,6,16,5,23,87,90,7,5,59,69,23,17,24,0,10,49,0,46,0,21,46,26,0,0,24,0,13,38,34,42,31,36,66,38,20,0,14,25,41,49,70,88,47,20,70,63,81,64,46,89,56,0,0,38,49,0,36,38,45,60,80,0
2018-01-01,51,13,40,75,25,0,10,39,55,8,7,17,31,23,39,27,0,16,0,40,12,46,15,45,39,57,17,12,81,0,66,45,12,29,30,0,11,71,24,0,39,0,32,0,27,36,74,13,30,0,27,4,32,32,66,11,53,0,67,44,52,0,15,8,9,24,39,0,14,22,0,40,36,13,12,42,25,0,39,41,61,7,22,6,14,5,23,91,93,5,6,69,76,47,35,24,53,52,56,31,50,0,31,36,17,0,0,31,0,16,39,37,49,36,57,72,48,60,0,27,0,25,59,70,87,52,22,73,58,83,63,43,88,25,30,0,48,32,0,56,10,48,52,68,12
2018-01-02,100,21,41,94,36,0,24,25,80,19,15,14,69,27,8,22,38,22,15,56,0,94,24,37,40,58,28,0,80,20,71,92,20,8,42,0,38,85,20,0,35,40,26,46,48,52,75,29,25,21,11,14,47,51,70,18,98,50,89,64,73,5,37,5,22,22,33,0,23,29,39,55,53,16,16,90,10,0,0,17,95,21,20,8,15,4,33,91,100,10,9,80,88,19,52,0,66,62,79,25,77,0,67,55,36,32,0,41,0,23,49,43,78,41,79,76,74,49,0,45,21,69,65,76,100,70,22,69,74,82,62,40,96,79,25,0,57,33,30,50,47,57,39,54,20
